Date,Open,High,Low,Close,Adj Close,Volume
14-07-2003,3704.629883,3726.560059,3704.629883,3720.75,3720.75,21200
15-07-2003,3719.169922,3733.879883,3657.179932,3686.340088,3686.340088,22800
16-07-2003,3702.139893,3729.02002,3662.699951,3721.649902,3721.649902,18400
17-07-2003,3728.840088,3750,3660.340088,3668.909912,3668.909912,22000
18-07-2003,3651.389893,3684.22998,3625.72998,3647.580078,3647.580078,22000
21-07-2003,3655.26001,3664.639893,3564.409912,3569.580078,3569.580078,19400
22-07-2003,3557.129883,3582.080078,3534.060059,3554.129883,3554.129883,22400
23-07-2003,3571.75,3596.590088,3551.97998,3577.889893,3577.889893,31800
24-07-2003,3595.600098,3677.23999,3572.639893,3668.070068,3668.070068,44400
25-07-2003,3685.310059,3737.76001,3661.689941,3726.459961,3726.459961,25800
28-07-2003,3745.98999,3775.649902,3730.070068,3739.76001,3739.76001,24600
29-07-2003,3731.850098,3771.350098,3694.939941,3764.439941,3764.439941,21800
30-07-2003,3761.76001,3799.889893,3759.97998,3780.419922,3780.419922,22600
31-07-2003,3796.530029,3835.75,3785.120117,3792.610107,3792.610107,37000
01-08-2003,3800.72998,3831.459961,3779.72998,3815.310059,3815.310059,26000
04-08-2003,3798.810059,3840.719971,3785.850098,3832.5,3832.5,19800
05-08-2003,3845.929932,3878.719971,3761.840088,3765.820068,3765.820068,26000
06-08-2003,3754.649902,3798.870117,3722.080078,3741.659912,3741.659912,29000
07-08-2003,3749.179932,3816.159912,3733.629883,3806.830078,3806.830078,24200
08-08-2003,3824.26001,3890.780029,3823.389893,3883.76001,3883.76001,29200
11-08-2003,3842.139893,3915.899902,3842.139893,3893.409912,3893.409912,21800
12-08-2003,3907.030029,3938.909912,3879.350098,3889.409912,3889.409912,27400
13-08-2003,3910.459961,3935.800049,3874.340088,3926.070068,3926.070068,25200
14-08-2003,3932.590088,3959.100098,3908.699951,3921.199951,3921.199951,22600
15-08-2003,null,null,null,null,null,null
18-08-2003,3932.370117,3985.459961,3928.169922,3977.72998,3977.72998,19400
19-08-2003,3985.77002,4026.27002,3981.919922,4006.909912,4006.909912,24400
20-08-2003,4027.600098,4066.030029,4027.600098,4056.600098,4056.600098,21200
21-08-2003,4075.169922,4106.709961,4073.060059,4095.389893,4095.389893,27000
22-08-2003,4146.560059,4149.540039,4084.189941,4125.120117,4125.120117,28000
25-08-2003,4149.819824,4170.580078,3943.659912,4004.629883,4004.629883,34200
26-08-2003,4021.909912,4160.02002,4021.909912,4152.290039,4152.290039,28800
27-08-2003,4173.359863,4222.390137,4173.359863,4205.560059,4205.560059,25600
28-08-2003,4256.069824,4256.069824,4179.330078,4212.290039,4212.290039,28600
29-08-2003,4235.259766,4277.640137,4228.850098,4244.72998,4244.72998,35200
01-09-2003,4248.069824,4329.569824,4248.069824,4324.759766,4324.759766,24800
02-09-2003,4341.72998,4358.299805,4291.959961,4339.200195,4339.200195,31200
03-09-2003,4361.870117,4367.870117,4248.859863,4257.939941,4257.939941,28800
04-09-2003,4276.399902,4328.370117,4257.410156,4310.509766,4310.509766,33000
05-09-2003,4314.680176,4371.97998,4314.680176,4369.169922,4369.169922,30800
08-09-2003,4399.609863,4444.620117,4399.609863,4434.25,4434.25,25200
09-09-2003,4458.640137,4473.569824,4398.089844,4425.200195,4425.200195,30400
10-09-2003,4410.120117,4438.22998,4378.649902,4434.259766,4434.259766,26600
11-09-2003,4423.709961,4463.379883,4381.089844,4393.129883,4393.129883,25800
12-09-2003,4407.720215,4437,4297.709961,4305.910156,4305.910156,26600
15-09-2003,4310.169922,4310.169922,4184.109863,4193.830078,4193.830078,33800
16-09-2003,4195.100098,4290.069824,4134.689941,4274.75,4274.75,40400
17-09-2003,4299.370117,4330.850098,4222.600098,4235.350098,4235.350098,32200
18-09-2003,4243.009766,4251.540039,4126.220215,4134.149902,4134.149902,33600
19-09-2003,4159.720215,4224.72998,4097.549805,4217.120117,4217.120117,35400
22-09-2003,4230.910156,4237.419922,4141.799805,4151.720215,4151.720215,24600
23-09-2003,4138.009766,4240.02002,4111.540039,4231.689941,4231.689941,25200
24-09-2003,4249.930176,4366.830078,4229.870117,4356.390137,4356.390137,30400
25-09-2003,4347.22998,4360.720215,4285.009766,4297.149902,4297.149902,31000
26-09-2003,4299.660156,4388.830078,4299.660156,4382.569824,4382.569824,24800
29-09-2003,4392.870117,4426.299805,4385.540039,4402.049805,4402.049805,31600
30-09-2003,4428.160156,4456.410156,4413.720215,4453.240234,4453.240234,30400
01-10-2003,4452.069824,4487.049805,4432.930176,4455.080078,4455.080078,26400
02-10-2003,null,null,null,null,null,null
03-10-2003,4465.439941,4556.890137,4465.439941,4552.919922,4552.919922,33000
06-10-2003,4567.680176,4637.27002,4552.390137,4631.390137,4631.390137,26400
07-10-2003,4644.859863,4688.330078,4601.160156,4632.939941,4632.939941,33400
08-10-2003,4646.629883,4667.490234,4586.959961,4634.859863,4634.859863,28800
09-10-2003,4643.319824,4710.279785,4643.319824,4698.680176,4698.680176,25400
10-10-2003,4735.089844,4780.77002,4730.310059,4768.899902,4768.899902,33200
13-10-2003,4787.75,4859.930176,4786.689941,4849.27002,4849.27002,29600
14-10-2003,4866.120117,4900.919922,4765.350098,4782.029785,4782.029785,37600
15-10-2003,4790.540039,4867.910156,4738.720215,4855.259766,4855.259766,31800
16-10-2003,4887.040039,4921.649902,4865.259766,4887.319824,4887.319824,39200
17-10-2003,4912.27002,4949.22998,4901.589844,4930.529785,4930.529785,35400
20-10-2003,4951.109863,4951.109863,4838.700195,4851.669922,4851.669922,31000
21-10-2003,4868,4880.660156,4727.430176,4755.720215,4755.720215,39400
22-10-2003,4772.839844,4801.700195,4705.410156,4741.200195,4741.200195,34000
23-10-2003,4744.47998,4755.939941,4634.899902,4648.410156,4648.410156,31000
24-10-2003,4654.27002,4772.069824,4599.609863,4757.370117,4757.370117,38400
27-10-2003,4802.069824,4814.319824,4689.089844,4698.279785,4698.279785,31400
28-10-2003,4710.220215,4748.189941,4666.189941,4707.799805,4707.799805,34600
29-10-2003,4732.790039,4747.589844,4684.419922,4744.100098,4744.100098,34200
30-10-2003,4751.830078,4805.720215,4735.77002,4780.52002,4780.52002,42200
31-10-2003,4787.049805,4913.180176,4779.089844,4906.870117,4906.870117,32200
03-11-2003,4946.930176,5068.660156,4946.930176,5063.029785,5063.029785,40800
04-11-2003,5096.160156,5135,5055.569824,5097.839844,5097.839844,44200
05-11-2003,5116.859863,5127.790039,5021.970215,5064.910156,5064.910156,36400
06-11-2003,5080.049805,5118.080078,5030.040039,5047.540039,5047.540039,34000
07-11-2003,5071.200195,5092.700195,4965.5,4971.569824,4971.569824,25200
10-11-2003,4962.220215,5017.899902,4909.660156,4998.569824,4998.569824,34200
11-11-2003,4998.790039,5039.200195,4988.879883,5030.640137,5030.640137,29000
12-11-2003,5040.549805,5059.97998,4998.259766,5005.77002,5005.77002,27200
13-11-2003,5051.709961,5053.060059,4941.490234,4949.160156,4949.160156,33400
14-11-2003,4948.77002,4961.370117,4854.160156,4865.830078,4865.830078,32600
17-11-2003,4907.02002,4959.959961,4882.970215,4940.22998,4940.22998,23400
18-11-2003,4956.419922,4981.47998,4875.459961,4891.129883,4891.129883,26800
19-11-2003,4868.430176,4868.430176,4800.669922,4823.72998,4823.72998,31400
20-11-2003,4840.799805,4878.810059,4763.529785,4771.22998,4771.22998,28800
21-11-2003,4770.75,4851.669922,4736.700195,4838.540039,4838.540039,29600
24-11-2003,4852.120117,4858.430176,4803.799805,4822.149902,4822.149902,20600
25-11-2003,4845.100098,4900.209961,4843.459961,4894.589844,4894.589844,22200
26-11-2003,null,null,null,null,null,null
27-11-2003,4907.379883,5000.410156,4907.379883,4989.040039,4989.040039,38800
28-11-2003,4995.149902,5050.560059,4991.240234,5044.819824,5044.819824,30800
01-12-2003,5086.859863,5166.560059,5082.819824,5160.850098,5160.850098,51200
02-12-2003,5187.72998,5204.569824,5123.799805,5186.080078,5186.080078,33400
03-12-2003,5194.160156,5246.740234,5178.220215,5221.899902,5221.899902,25400
04-12-2003,5229.180176,5252.209961,5174.859863,5225.899902,5225.899902,32200
05-12-2003,5245.75,5263.109863,5125.069824,5131.720215,5131.720215,31400
08-12-2003,5144.950195,5163.009766,5089.569824,5131.540039,5131.540039,29400
09-12-2003,5143.189941,5232.490234,5143.189941,5229.339844,5229.339844,21600
10-12-2003,5234.720215,5300.790039,5220.600098,5285.540039,5285.540039,29000
11-12-2003,5306.620117,5317.410156,5253.810059,5299.959961,5299.959961,25600
12-12-2003,5321.490234,5343.910156,5283.75,5315.810059,5315.810059,26400
15-12-2003,5366.930176,5399.080078,5351.029785,5390.879883,5390.879883,24400
16-12-2003,5374.149902,5445,5351.209961,5437.049805,5437.049805,30800
17-12-2003,5437.259766,5457.879883,5401.089844,5418.22998,5418.22998,23600
18-12-2003,5432.459961,5466.299805,5407.459961,5455,5455,30800
19-12-2003,5486.629883,5555.680176,5486.629883,5541.350098,5541.350098,33000
22-12-2003,5547.680176,5590.450195,5543.97998,5577.959961,5577.959961,29200
23-12-2003,5590.009766,5616.25,5550.52002,5564.330078,5564.330078,29000
24-12-2003,5566.049805,5648.240234,5560.22998,5641.919922,5641.919922,30800
25-12-2003,null,null,null,null,null,null
26-12-2003,5650.740234,5705.299805,5650.740234,5699.240234,5699.240234,24400
29-12-2003,5725.439941,5814.259766,5725.439941,5797.330078,5797.330078,18800
30-12-2003,5852.700195,5920.759766,5762.600098,5791.850098,5791.850098,34200
31-12-2003,5812.379883,5876.549805,5801.52002,5838.959961,5838.959961,28200
01-01-2004,null,null,null,null,null,null
02-01-2004,5944.22998,6034.379883,5944.22998,6026.589844,6026.589844,31400
05-01-2004,6050.47998,6078.109863,5964.649902,6039,6039,33600
06-01-2004,6068.680176,6121.200195,5916.330078,5943.640137,5943.640137,37600
07-01-2004,5970.350098,5985.299805,5870.549805,5957.02002,5957.02002,36200
08-01-2004,5992.100098,6118.620117,5992.100098,6108.540039,6108.540039,31600
09-01-2004,6241.589844,6249.600098,6096.680176,6119.589844,6119.589844,45200
12-01-2004,6152.220215,6152.220215,6037.299805,6067.759766,6067.759766,31600
13-01-2004,6084.649902,6147.740234,6011.569824,6132.970215,6132.970215,33200
14-01-2004,6162.180176,6215.02002,6162.180176,6194.109863,6194.109863,35600
15-01-2004,6219.810059,6248.810059,6045.299805,6063.910156,6063.910156,38000
16-01-2004,6068.660156,6072.029785,5914.02002,5946.189941,5946.189941,47800
19-01-2004,5967.390137,6076.970215,5870.990234,6064.100098,6064.100098,36200
20-01-2004,6099.939941,6130.089844,5899.709961,5922.109863,5922.109863,41000
21-01-2004,5927.419922,5962.359863,5728.319824,5758.189941,5758.189941,43200
22-01-2004,5793.830078,5852.959961,5567.680176,5593.740234,5593.740234,51000
23-01-2004,5646.330078,5832.740234,5596.569824,5816.640137,5816.640137,37600
26-01-2004,null,null,null,null,null,null
27-01-2004,5854.350098,6005.540039,5791.740234,5993.060059,5993.060059,45200
28-01-2004,5980.879883,6030.549805,5815.200195,5876.049805,5876.049805,47800
29-01-2004,5865.209961,5921.720215,5774.310059,5802.75,5802.75,45000
30-01-2004,5841.209961,5854.290039,5685.640137,5695.669922,5695.669922,38800
02-02-2004,null,null,null,null,null,null
03-02-2004,5715.459961,5715.459961,5550.169922,5620.97998,5620.97998,39600
04-02-2004,5633.149902,5769.790039,5574.680176,5756.759766,5756.759766,41800
05-02-2004,5756.299805,5820.450195,5648.140137,5720.629883,5720.629883,44600
06-02-2004,5710.129883,5800.939941,5683.609863,5786.350098,5786.350098,37800
09-02-2004,5810.209961,5935.680176,5807.72998,5926.220215,5926.220215,30400
10-02-2004,5937.459961,5972.939941,5866.620117,5932.52002,5932.52002,44400
11-02-2004,5936.410156,5958.910156,5905.22998,5949.779785,5949.779785,37200
12-02-2004,5973.709961,5986.410156,5886.97998,5936.959961,5936.959961,37600
13-02-2004,5936.649902,6017.009766,5922.379883,6011.660156,6011.660156,32800
16-02-2004,6025.850098,6063.910156,6001.569824,6012.350098,6012.350098,30800
17-02-2004,6018.950195,6058.990234,5999.129883,6035.799805,6035.799805,30800
18-02-2004,6060.140137,6082.799805,6018.810059,6027.02002,6027.02002,31200
19-02-2004,6041.359863,6041.359863,5845.069824,5855.100098,5855.100098,40400
20-02-2004,5847.970215,5893.620117,5770.870117,5850.720215,5850.720215,41000
23-02-2004,5869.609863,5875.22998,5680.359863,5698.040039,5698.040039,28600
24-02-2004,5686.810059,5748.149902,5606.839844,5734.439941,5734.439941,42400
25-02-2004,5746.790039,5746.790039,5606.859863,5618.149902,5618.149902,33800
26-02-2004,5639.830078,5723.310059,5556.310059,5567.120117,5567.120117,34400
27-02-2004,5595.830078,5683.290039,5551.640137,5667.509766,5667.509766,41600
01-03-2004,5649.299805,5831.549805,5649.299805,5823.169922,5823.169922,32200
02-03-2004,null,null,null,null,null,null
03-03-2004,5830.77002,5870.629883,5792.970215,5842.200195,5842.200195,39400
04-03-2004,5842.410156,5872.75,5769.339844,5815.870117,5815.870117,36200
05-03-2004,5834.370117,5892.779785,5818.77002,5880.350098,5880.350098,37600
08-03-2004,5899.259766,5951.029785,5898.569824,5935.189941,5935.189941,36400
09-03-2004,5923.350098,5923.350098,5794.819824,5850.609863,5850.609863,37600
10-03-2004,5833.189941,5833.189941,5745.560059,5759.290039,5759.290039,35000
11-03-2004,5737.689941,5763.709961,5634.399902,5649.859863,5649.859863,36200
12-03-2004,5632.129883,5735.939941,5570.810059,5700.399902,5700.399902,38400
15-03-2004,5745.060059,5764.200195,5505.97998,5520.660156,5520.660156,38400
16-03-2004,5471.169922,5551.919922,5434.970215,5525.089844,5525.089844,40800
17-03-2004,5545.830078,5560.149902,5482.629883,5535.689941,5535.689941,33400
18-03-2004,5539.720215,5540.680176,5399.049805,5414.939941,5414.939941,36000
19-03-2004,5410.47998,5496.680176,5386.620117,5443.439941,5443.439941,30600
22-03-2004,5446.879883,5446.879883,5347.049805,5365.399902,5365.399902,25400
23-03-2004,5356.970215,5450.379883,5324.779785,5400.990234,5400.990234,31800
24-03-2004,5412.129883,5435.399902,5345.149902,5395.279785,5395.279785,26600
25-03-2004,5403.379883,5438.859863,5368.879883,5414.439941,5414.439941,27000
26-03-2004,5448.290039,5552.339844,5448.290039,5528.939941,5528.939941,32400
29-03-2004,5538.52002,5578.740234,5495.310059,5571.370117,5571.370117,27800
30-03-2004,5595.930176,5608.310059,5509.580078,5520.439941,5520.439941,26600
31-03-2004,5513.120117,5599.600098,5493.120117,5590.600098,5590.600098,26200
01-04-2004,5599.120117,5750.290039,5599.120117,5740.850098,5740.850098,28400
02-04-2004,5762.810059,5799.160156,5700.600098,5788.080078,5788.080078,33000
05-04-2004,5809.740234,5905.350098,5798.370117,5838.02002,5838.02002,24000
06-04-2004,5886.02002,5897.560059,5780.939941,5822.419922,5822.419922,27400
07-04-2004,5827.069824,5860.669922,5774.879883,5815.129883,5815.129883,22800
08-04-2004,5824.370117,5864.549805,5783.740234,5838.450195,5838.450195,28600
09-04-2004,null,null,null,null,null,null
12-04-2004,5856.439941,5867.069824,5760.25,5783.790039,5783.790039,19800
13-04-2004,5823.529785,5920.180176,5743.580078,5904.52002,5904.52002,23400
14-04-2004,null,null,null,null,null,null
15-04-2004,5923.839844,5927.040039,5824.209961,5843.970215,5843.970215,32400
16-04-2004,5870.410156,5903.129883,5843.77002,5862.819824,5862.819824,23000
19-04-2004,5875.529785,5895.169922,5782.370117,5800.540039,5800.540039,22000
20-04-2004,5814.879883,5819.919922,5765.379883,5804.810059,5804.810059,20800
21-04-2004,5803.700195,5890.02002,5783.919922,5876.419922,5876.419922,21400
22-04-2004,5888.169922,5947.569824,5863.600098,5924.180176,5924.180176,23800
23-04-2004,5941.100098,5979.25,5905.580078,5925.580078,5925.580078,31200
26-04-2004,null,null,null,null,null,null
27-04-2004,5841.299805,5841.299805,5704.279785,5712.279785,5712.279785,30600
28-04-2004,5709.430176,5757.52002,5659.830078,5713.089844,5713.089844,26000
29-04-2004,5710.560059,5710.560059,5626.410156,5668.430176,5668.430176,32600
30-04-2004,5674.759766,5710.450195,5632.990234,5655.089844,5655.089844,25000
03-05-2004,5645.859863,5645.859863,5506,5584.990234,5584.990234,26800
04-05-2004,5616.410156,5677.109863,5616.410156,5647.149902,5647.149902,22800
05-05-2004,5665.669922,5695.180176,5648.640137,5686.189941,5686.189941,31400
06-05-2004,5749.97998,5772.640137,5739.259766,5757.299805,5757.299805,25000
07-05-2004,5748.339844,5748.339844,5645.790039,5669.580078,5669.580078,22800
10-05-2004,5628.609863,5628.609863,5501.169922,5555.839844,5555.839844,24800
11-05-2004,5472.029785,5472.029785,5309.419922,5325.899902,5325.899902,33200
12-05-2004,5296.25,5387.870117,5296.25,5358.350098,5358.350098,28800
13-05-2004,5234.509766,5487.339844,5131.029785,5399.470215,5399.470215,45200
14-05-2004,5409.339844,5416.040039,5043.990234,5069.870117,5069.870117,49400
17-05-2004,5020.890137,5020.890137,4227.5,4505.160156,4505.160156,34000
18-05-2004,4547.700195,4949.27002,4547.700195,4877.02002,4877.02002,37200
19-05-2004,4941.720215,5059.890137,4892.459961,5006.100098,5006.100098,39600
20-05-2004,5048.169922,5073.700195,4912.169922,4932.109863,4932.109863,37000
21-05-2004,4922.47998,4978.560059,4804.899902,4961.569824,4961.569824,32200
24-05-2004,4993.450195,5132.899902,4993.450195,5123.22998,5123.22998,26600
25-05-2004,5117.52002,5143.930176,4976.009766,5102.220215,5102.220215,29000
26-05-2004,5116.580078,5163.609863,5049.209961,5081.950195,5081.950195,31400
27-05-2004,5054.450195,5107.600098,5019.390137,5058.549805,5058.549805,25000
28-05-2004,5026.919922,5026.919922,4821.589844,4835.390137,4835.390137,37000
31-05-2004,4760.279785,4830.080078,4665.209961,4759.620117,4759.620117,35000
01-06-2004,4792.009766,4899.529785,4792.009766,4835.120117,4835.120117,30800
02-06-2004,4846.089844,4946.149902,4846.089844,4923.689941,4923.689941,26400
03-06-2004,4972.27002,5012.52002,4789.629883,4817.990234,4817.990234,34000
04-06-2004,4803.310059,4902.27002,4759.350098,4889,4889,38400
07-06-2004,4927.5,4991.47998,4905.529785,4938.149902,4938.149902,31800
08-06-2004,4960.870117,4970.390137,4891.859863,4962.629883,4962.629883,31000
09-06-2004,4972.339844,5000.589844,4945.240234,4963.75,4963.75,33000
10-06-2004,4954.060059,4975.75,4919.939941,4944.640137,4944.640137,27000
11-06-2004,4931.490234,4945.859863,4823.100098,4832.709961,4832.709961,27600
14-06-2004,4810.419922,4810.419922,4725.390137,4746.009766,4746.009766,29600
15-06-2004,4696.509766,4824.029785,4696.509766,4814.850098,4814.850098,30000
16-06-2004,4837.359863,4863.629883,4772.100098,4788.799805,4788.799805,27400
17-06-2004,4791.299805,4859.810059,4746.509766,4839.879883,4839.879883,28600
18-06-2004,4822.080078,4828.189941,4750.72998,4769.990234,4769.990234,28600
21-06-2004,4770.649902,4790.930176,4731.720215,4738.620117,4738.620117,23800
22-06-2004,4732.950195,4767.350098,4717.779785,4735.859863,4735.859863,29200
23-06-2004,4742.799805,4752.470215,4635.169922,4644,4644,31400
24-06-2004,4656.810059,4717.740234,4613.939941,4708.549805,4708.549805,40400
25-06-2004,4717.830078,4775.660156,4680.419922,4756.390137,4756.390137,39400
28-06-2004,4784.580078,4844.720215,4772.870117,4837.600098,4837.600098,28600
29-06-2004,4838.740234,4873.709961,4802.040039,4841.379883,4841.379883,34200
30-06-2004,4859.939941,4877.899902,4788.850098,4795.459961,4795.459961,35600
01-07-2004,4813.759766,4879.810059,4785.939941,4874.049805,4874.049805,33200
02-07-2004,4842.459961,4895.47998,4813.160156,4870.580078,4870.580078,32000
05-07-2004,4861.149902,4894.390137,4831.850098,4843.77002,4843.77002,24200
06-07-2004,4846.419922,4939.399902,4839.180176,4928.589844,4928.589844,29600
07-07-2004,4919.540039,4987.049805,4912.220215,4955.970215,4955.970215,35000
08-07-2004,4972.060059,5004.169922,4808.629883,4843.839844,4843.839844,47800
09-07-2004,4766.490234,4954.859863,4723.040039,4945.47998,4945.47998,23600
12-07-2004,4949.419922,4967.919922,4917.379883,4944.540039,4944.540039,17000
13-07-2004,4961.870117,4978.490234,4878.060059,4898.990234,4898.990234,16000
14-07-2004,4911.220215,4933.339844,4835.339844,4848.299805,4848.299805,24600
15-07-2004,4849.379883,4900.180176,4844.660156,4888.189941,4888.189941,26600
16-07-2004,4894.399902,4961.319824,4874.459961,4951.169922,4951.169922,25800
19-07-2004,4957.080078,5009.629883,4942.430176,4975.399902,4975.399902,21600
20-07-2004,4974.52002,4982.040039,4936.600098,4957.879883,4957.879883,21800
21-07-2004,4973.879883,5041.189941,4951.549805,4993.759766,4993.759766,20200
22-07-2004,5041.140137,5082.810059,5020.689941,5054.290039,5054.290039,37400
23-07-2004,5073.100098,5086.029785,5034.200195,5073.339844,5073.339844,35000
26-07-2004,5046.990234,5126.450195,5034.22998,5118.169922,5118.169922,28600
27-07-2004,5130.859863,5155.629883,5068.620117,5075.879883,5075.879883,40800
28-07-2004,5087.660156,5104.660156,5045.459961,5070.290039,5070.290039,28000
29-07-2004,5082.609863,5133.799805,5051.490234,5120.450195,5120.450195,28800
30-07-2004,5134.919922,5200.850098,5134.919922,5170.319824,5170.319824,28800
02-08-2004,5193.25,5210.919922,5167.290039,5202.529785,5202.529785,22000
03-08-2004,5213.549805,5242.149902,5181.990234,5194.629883,5194.629883,29400
04-08-2004,5189.879883,5201.560059,5145.220215,5169.069824,5169.069824,27200
05-08-2004,5178.609863,5257.319824,5178.609863,5252.779785,5252.779785,24000
06-08-2004,5249.72998,5262.890137,5166.189941,5196.990234,5196.990234,30200
09-08-2004,5176.390137,5240.290039,5154.319824,5233.209961,5233.209961,26200
10-08-2004,5248.459961,5266.990234,5214.990234,5252.049805,5252.049805,26000
11-08-2004,5263.27002,5269.220215,5159.529785,5175.160156,5175.160156,28600
12-08-2004,5167.52002,5194.040039,5117.799805,5139.77002,5139.77002,27000
13-08-2004,5126.910156,5144.700195,5084.509766,5102.919922,5102.919922,93800
16-08-2004,5105.259766,5114.790039,5056.069824,5102.370117,5102.370117,24600
17-08-2004,5124.290039,5148.529785,5083.029785,5102.939941,5102.939941,23400
18-08-2004,5103.970215,5103.970215,5025.490234,5038.279785,5038.279785,24200
19-08-2004,5056.169922,5132.830078,5056.169922,5123.649902,5123.649902,23200
20-08-2004,5128.100098,5128.100098,5047.75,5064.660156,5064.660156,24000
23-08-2004,5064.419922,5080.220215,5022.290039,5033.689941,5033.689941,27400
24-08-2004,5048.629883,5084.740234,5040.709961,5067.390137,5067.390137,21000
25-08-2004,5073.22998,5093.370117,5054.560059,5088.560059,5088.560059,19000
26-08-2004,5105.379883,5145.600098,5105.379883,5135.450195,5135.450195,22400
27-08-2004,5147.859863,5148.75,5094.560059,5117.009766,5117.009766,18800
30-08-2004,5130.540039,5192.799805,5130.540039,5186.450195,5186.450195,14800
31-08-2004,5192.180176,5202.509766,5155.959961,5192.080078,5192.080078,16200
01-09-2004,5202.160156,5222.810059,5202.02002,5210.850098,5210.850098,16200
02-09-2004,5218.950195,5233.319824,5189.290039,5198.720215,5198.720215,19200
03-09-2004,5190.689941,5223.939941,5178.569824,5218.459961,5218.459961,17600
06-09-2004,5226.089844,5264.870117,5226.089844,5246.22998,5246.22998,17000
07-09-2004,5245.160156,5270.890137,5240.149902,5264.669922,5264.669922,19200
08-09-2004,5281.109863,5305.669922,5270.660156,5298.160156,5298.160156,20200
09-09-2004,5307.830078,5328.330078,5269.509766,5298.22998,5298.22998,21600
10-09-2004,5305.419922,5376.120117,5281.060059,5370.049805,5370.049805,21200
13-09-2004,5380.709961,5421.52002,5379.600098,5397.459961,5397.459961,21400
14-09-2004,5409.52002,5434.330078,5376.040039,5428.77002,5428.77002,26400
15-09-2004,5441.959961,5456.850098,5399.339844,5420.089844,5420.089844,27600
16-09-2004,5415.459961,5483.589844,5401,5477.680176,5477.680176,23400
17-09-2004,5493.720215,5569.470215,5493.370117,5561.149902,5561.149902,26400
20-09-2004,5562.680176,5585.569824,5535.569824,5545.819824,5545.819824,25600
21-09-2004,5547.490234,5611.600098,5536,5605.930176,5605.930176,27600
22-09-2004,5609.959961,5638.790039,5571.839844,5616.870117,5616.870117,28000
23-09-2004,5597.319824,5609.040039,5530.859863,5539.47998,5539.47998,27400
24-09-2004,5527.220215,5575.399902,5513.680176,5527.75,5527.75,22600
27-09-2004,5530,5545.72998,5486.410156,5511.810059,5511.810059,15800
28-09-2004,5506.830078,5518.209961,5454.850098,5462.609863,5462.609863,20400
29-09-2004,5477.609863,5533.330078,5428.200195,5527.560059,5527.560059,23400
30-09-2004,5545.259766,5598.549805,5545.259766,5583.609863,5583.609863,24400
01-10-2004,5587.459961,5685.680176,5573.560059,5675.540039,5675.540039,24400
04-10-2004,5706.319824,5785.040039,5706.319824,5766.299805,5766.299805,20600
05-10-2004,5761.660156,5786.540039,5741.700195,5758.669922,5758.669922,22800
06-10-2004,5761.439941,5799.919922,5699.319824,5713.75,5713.75,26800
07-10-2004,5718.640137,5793.080078,5718.640137,5773.660156,5773.660156,24600
08-10-2004,5782.629883,5803.819824,5755.419922,5776.850098,5776.850098,19600
11-10-2004,5764.859863,5792.080078,5706.970215,5717.540039,5717.540039,13000
12-10-2004,5750.359863,5762.600098,5663.790039,5676.72998,5676.72998,18200
13-10-2004,null,null,null,null,null,null
14-10-2004,5677.870117,5738.609863,5645.660156,5713.100098,5713.100098,17600
15-10-2004,5735.490234,5758.109863,5673.75,5686.72998,5686.72998,16200
18-10-2004,5706.830078,5727.959961,5670.370117,5679.830078,5679.830078,12400
19-10-2004,5691.470215,5751.600098,5686.970215,5738.109863,5738.109863,14800
20-10-2004,5738.439941,5750.140137,5662.759766,5673.02002,5673.02002,18400
21-10-2004,5680.439941,5685.180176,5617.370117,5641.060059,5641.060059,19000
22-10-2004,null,null,null,null,null,null
25-10-2004,5633.47998,5645.879883,5573.189941,5581.490234,5581.490234,18200
26-10-2004,5591.009766,5654.819824,5558.140137,5651.089844,5651.089844,22000
27-10-2004,5656.709961,5699.180176,5623.040039,5662.870117,5662.870117,19800
28-10-2004,5700.990234,5733.75,5700.990234,5715.620117,5715.620117,23400
29-10-2004,5724.459961,5731.350098,5664.040039,5672.27002,5672.27002,22600
01-11-2004,5678.649902,5714.359863,5649.029785,5704.100098,5704.100098,15600
02-11-2004,5713.240234,5765.140137,5713.240234,5754.759766,5754.759766,14400
03-11-2004,5772.319824,5845.5,5771.72998,5842.540039,5842.540039,17000
04-11-2004,5871.620117,5883.390137,5814.370117,5832.879883,5832.879883,15000
05-11-2004,5833.330078,5900.509766,5823.439941,5891.359863,5891.359863,14000
08-11-2004,5912.52002,5955.939941,5912.52002,5930.470215,5930.470215,14400
09-11-2004,5937.339844,5957.939941,5910.410156,5929.600098,5929.600098,14800
10-11-2004,5918.950195,5979.779785,5918.950195,5973.75,5973.75,14400
11-11-2004,5980.029785,5995.330078,5943.330078,5954.310059,5954.310059,13800
12-11-2004,5985.049805,6001.990234,5945.97998,5964.009766,5964.009766,3800
15-11-2004,null,null,null,null,null,null
16-11-2004,5970.040039,6002.029785,5949.240234,5996.700195,5996.700195,13800
17-11-2004,6000.109863,6036.700195,5997.740234,6016.580078,6016.580078,14800
18-11-2004,6019.850098,6035.220215,5985.569824,6025.470215,6025.470215,14800
19-11-2004,6030.810059,6044.549805,5953.419922,5961.709961,5961.709961,15000
22-11-2004,5921.009766,5979.100098,5877.970215,5963.799805,5963.799805,14000
23-11-2004,5988.279785,6031.589844,5977.759766,6009.859863,6009.859863,14600
24-11-2004,6001.459961,6053.189941,6001.459961,6035.950195,6035.950195,12800
25-11-2004,6033.799805,6081.740234,6014.97998,6035.029785,6035.029785,20000
26-11-2004,null,null,null,null,null,null
29-11-2004,6033.419922,6166.720215,6029.819824,6157.77002,6157.77002,23000
30-11-2004,6195.02002,6248.430176,6194.609863,6234.290039,6234.290039,18800
01-12-2004,6259.279785,6272.680176,6176.089844,6227.830078,6227.830078,26600
02-12-2004,6275.410156,6335.140137,6275.410156,6328.430176,6328.430176,26200
03-12-2004,6348.319824,6361.529785,6304.220215,6322.759766,6322.759766,20600
06-12-2004,6351.040039,6386.290039,6312.129883,6322.5,6322.5,18800
07-12-2004,6324.069824,6354.259766,6287.459961,6316.279785,6316.279785,17800
08-12-2004,6333.040039,6359.200195,6250.240234,6261.52002,6261.52002,26000
09-12-2004,6259.5,6319.009766,6241.27002,6304.27002,6304.27002,19400
10-12-2004,6328.100098,6336.899902,6221.399902,6233.540039,6233.540039,17600
13-12-2004,6231.470215,6274.240234,6220.580078,6268.720215,6268.720215,14600
14-12-2004,6280.560059,6331.569824,6280.490234,6325.529785,6325.529785,14000
15-12-2004,6334.27002,6423.27002,6334.27002,6402.290039,6402.290039,22400
16-12-2004,6401.189941,6437,6373.549805,6420.379883,6420.379883,18600
17-12-2004,6420.899902,6436.080078,6329.709961,6346.47998,6346.47998,16800
20-12-2004,6360.109863,6409.52002,6345.870117,6403,6403,16800
21-12-2004,6429.25,6461.640137,6400.560059,6451.299805,6451.299805,14600
22-12-2004,6465.509766,6480.200195,6396.430176,6413.660156,6413.660156,16200
23-12-2004,6410.299805,6455.689941,6409.290039,6441.850098,6441.850098,12000
24-12-2004,6485.259766,6507.939941,6463.850098,6498.060059,6498.060059,14600
27-12-2004,6484.839844,6566.640137,6469.959961,6513.029785,6513.029785,16200
28-12-2004,6517.899902,6568.569824,6517.899902,6563.47998,6563.47998,14600
29-12-2004,6594.390137,6617.149902,6552.060059,6567.939941,6567.939941,12400
30-12-2004,6583.740234,6608.299805,6507.299805,6522.540039,6522.540039,13200
31-12-2004,6541.379883,6609.779785,6541.379883,6602.689941,6602.689941,12200
03-01-2005,6626.490234,6684.220215,6626.490234,6679.200195,6679.200195,12000
04-01-2005,6683.560059,6696.310059,6640.899902,6651.009766,6651.009766,16600
05-01-2005,6628.890137,6629.97998,6337.609863,6458.839844,6458.839844,24000
06-01-2005,6447.27002,6481.22998,6325.359863,6367.390137,6367.390137,22200
07-01-2005,6374.189941,6440.169922,6348.75,6420.459961,6420.459961,17800
10-01-2005,6440.330078,6469.089844,6286.850098,6308.540039,6308.540039,13200
11-01-2005,6317.390137,6329.890137,6208.819824,6222.870117,6222.870117,16200
12-01-2005,6250.350098,6263.709961,6070.330078,6102.740234,6102.740234,20800
13-01-2005,6138.049805,6242.950195,6138.049805,6221.060059,6221.060059,20200
14-01-2005,6232.419922,6249.390137,6144.080078,6173.819824,6173.819824,18200
17-01-2005,6202.740234,6232.970215,6087.549805,6194.069824,6194.069824,19000
18-01-2005,6221.279785,6267.609863,6173.089844,6192.350098,6192.350098,21800
19-01-2005,6211.279785,6230.620117,6160.660156,6173.319824,6173.319824,16600
20-01-2005,6170.330078,6197.209961,6091.080078,6183.240234,6183.240234,26600
24-01-2005,6201.600098,6215.779785,6089.52002,6106.430176,6106.430176,18000
25-01-2005,6093.660156,6174,6069.330078,6162.97998,6162.97998,21400
27-01-2005,6188.379883,6252.240234,6188.379883,6239.430176,6239.430176,22200
28-01-2005,6245.259766,6430.720215,6245.259766,6419.089844,6419.089844,23600
31-01-2005,6463.52002,6565,6455.549805,6555.939941,6555.939941,22000
01-02-2005,6565.209961,6586.25,6508.990234,6552.470215,6552.470215,28400
02-02-2005,6560.620117,6600.02002,6510.419922,6530.060059,6530.060059,88400
03-02-2005,6550.75,6630.680176,6550.75,6619.970215,6619.970215,14400
04-02-2005,6635.850098,6684.160156,6571.509766,6618.22998,6618.22998,16800
07-02-2005,6652.330078,6658.330078,6514.859863,6535.169922,6535.169922,12400
08-02-2005,6528.810059,6573.930176,6508.330078,6544.77002,6544.77002,12600
09-02-2005,6556.529785,6613.540039,6553.399902,6593.529785,6593.529785,13000
10-02-2005,6600.850098,6608.959961,6533.970215,6577.830078,6577.830078,12600
11-02-2005,6594.319824,6640.109863,6594.319824,6633.759766,6633.759766,15200
14-02-2005,6673.390137,6719.169922,6659.640137,6679.330078,6679.330078,13600
15-02-2005,6694.790039,6694.790039,6640.430176,6670.060059,6670.060059,20800
16-02-2005,6673.709961,6714.129883,6581.529785,6607.779785,6607.779785,14800
17-02-2005,6598.77002,6599.47998,6533.129883,6589.290039,6589.290039,14400
18-02-2005,6595.189941,6642.77002,6564.549805,6584.319824,6584.319824,14400
21-02-2005,6585.879883,6602.529785,6521.069824,6534.680176,6534.680176,11800
22-02-2005,6531.580078,6603.140137,6515.72998,6589.410156,6589.410156,11000
23-02-2005,6593.850098,6607.779785,6565.419922,6582.5,6582.5,12200
24-02-2005,6616.370117,6621.680176,6565.810059,6574.209961,6574.209961,26800
25-02-2005,6588.290039,6622.620117,6543.910156,6569.720215,6569.720215,14400
28-02-2005,6584.339844,6720.939941,6545.939941,6713.859863,6713.859863,23200
01-03-2005,6725.919922,6725.919922,6628.220215,6651.080078,6651.080078,16800
02-03-2005,6658.939941,6708.779785,6647.109863,6686.890137,6686.890137,26000
03-03-2005,6700.790039,6793.240234,6691.180176,6784.720215,6784.720215,18200
04-03-2005,6798.620117,6864.620117,6798.620117,6849.47998,6849.47998,18200
07-03-2005,6863.580078,6902.490234,6854.959961,6878.97998,6878.97998,14600
08-03-2005,6885.72998,6929.589844,6872.720215,6915.089844,6915.089844,15200
09-03-2005,6895.620117,6954.859863,6843.439941,6892.819824,6892.819824,17400
10-03-2005,6888.72998,6917.600098,6849.97998,6907.649902,6907.649902,27200
11-03-2005,6921.02002,6948.540039,6839.350098,6853.72998,6853.72998,14200
14-03-2005,6854.919922,6882.22998,6794.919922,6810.040039,6810.040039,124800
15-03-2005,6815.589844,6823.459961,6730.22998,6752.450195,6752.450195,12800
16-03-2005,6757.490234,6806.720215,6732.330078,6746.879883,6746.879883,13000
17-03-2005,6719.109863,6737.290039,6642.600098,6669.52002,6669.52002,13000
18-03-2005,6664.649902,6710.97998,6595.529785,6700.339844,6700.339844,15600
21-03-2005,6716.410156,6734.720215,6633.52002,6656.689941,6656.689941,10000
22-03-2005,6655.779785,6656.310059,6520.149902,6535.450195,6535.450195,13600
23-03-2005,6533.649902,6568.200195,6435.819824,6454.459961,6454.459961,23400
24-03-2005,6456.02002,6514.72998,6412.890137,6442.870117,6442.870117,17200
28-03-2005,6471.470215,6555.100098,6471.470215,6510.740234,6510.740234,11600
29-03-2005,6512.97998,6512.97998,6326.72998,6367.859863,6367.859863,14400
30-03-2005,6371.399902,6400.069824,6321.310059,6381.399902,6381.399902,14600
31-03-2005,6404.779785,6509.02002,6404.779785,6492.819824,6492.819824,13400
01-04-2005,6506.600098,6618.080078,6468.52002,6605.040039,6605.040039,11400
04-04-2005,6616.830078,6649.419922,6586.25,6604.419922,6604.419922,11200
05-04-2005,6611.529785,6621.910156,6532.939941,6550.290039,6550.290039,12200
06-04-2005,6555.919922,6617.069824,6551.680176,6606.410156,6606.410156,12200
07-04-2005,6629.120117,6644.689941,6530.970215,6545.640137,6545.640137,11000
08-04-2005,6544.810059,6560.879883,6456.839844,6479.540039,6479.540039,11400
11-04-2005,6426.209961,6444.330078,6382.129883,6397.52002,6397.52002,9000
12-04-2005,6407.390137,6472.040039,6404.350098,6464.609863,6464.609863,8800
13-04-2005,6466.919922,6515.819824,6449.330078,6467.919922,6467.919922,13600
15-04-2005,6339.72998,6339.72998,6232.370117,6248.339844,6248.339844,14000
18-04-2005,6220.97998,6220.97998,6118.419922,6156.779785,6156.779785,12800
19-04-2005,6181.390137,6269.75,6121.419922,6134.859863,6134.859863,13800
20-04-2005,6169.830078,6259.279785,6151.259766,6243.740234,6243.740234,16200
21-04-2005,6249.290039,6305.879883,6174.299805,6299.200195,6299.200195,14600
22-04-2005,6329.850098,6374.029785,6302.859863,6346.569824,6346.569824,12800
25-04-2005,6338.669922,6391.72998,6308.47998,6377.850098,6377.850098,11000
26-04-2005,6374.279785,6377.540039,6323.529785,6339.97998,6339.97998,8800
27-04-2005,6323.899902,6357.560059,6258.069824,6278.5,6278.5,14000
28-04-2005,6271.609863,6292.910156,6233.290039,6284.200195,6284.200195,14800
29-04-2005,6283.069824,6288.439941,6138.470215,6154.439941,6154.439941,14000
02-05-2005,6183.069824,6223.779785,6141.370117,6195.149902,6195.149902,12200
03-05-2005,6200.390137,6246.240234,6189.160156,6216.77002,6216.77002,12600
04-05-2005,6218.950195,6294.850098,6218.950195,6289.549805,6289.549805,9600
05-05-2005,6322.02002,6391.319824,6322.02002,6359.649902,6359.649902,9800
06-05-2005,6367.25,6402.350098,6334.009766,6388.47998,6388.47998,13800
09-05-2005,6391.799805,6486.069824,6391.799805,6481.350098,6481.350098,11600
10-05-2005,6486.080078,6494.910156,6439.689941,6454.709961,6454.709961,12600
11-05-2005,6420.25,6454.410156,6380.759766,6445.129883,6445.129883,10600
12-05-2005,6442.859863,6482.390137,6432.169922,6456.819824,6456.819824,10000
13-05-2005,6447.720215,6462.850098,6418.779785,6451.540039,6451.540039,29000
16-05-2005,6456.970215,6532.149902,6456.970215,6528.029785,6528.029785,8400
17-05-2005,6545.220215,6568.609863,6450.859863,6466,6466,11800
18-05-2005,6457.370117,6457.370117,6380.529785,6447,6447,14800
19-05-2005,6461.069824,6537.740234,6460.240234,6478.939941,6478.939941,11400
20-05-2005,6462.160156,6512.959961,6438.600098,6499.5,6499.5,11400
23-05-2005,6504.490234,6549.569824,6499.209961,6539.830078,6539.830078,8200
24-05-2005,6563.02002,6579.049805,6522.799805,6565.370117,6565.370117,10400
25-05-2005,6566.839844,6612.25,6537.609863,6597.600098,6597.600098,10800
26-05-2005,6599.27002,6685.330078,6587.569824,6670.779785,6670.779785,13800
27-05-2005,6689.560059,6772.740234,6689.140137,6707.720215,6707.720215,15400
30-05-2005,6697.149902,6724.990234,6642.609863,6663.549805,6663.549805,9600
31-05-2005,6666.169922,6721.609863,6647.700195,6715.109863,6715.109863,8600
01-06-2005,6729.390137,6763.279785,6710.370117,6729.899902,6729.899902,9800
02-06-2005,6733.459961,6756.620117,6647.359863,6655.560059,6655.560059,9400
03-06-2005,6664.97998,6761.129883,6647.689941,6748.850098,6748.850098,12200
06-06-2005,6747.200195,6813.910156,6740.629883,6758.189941,6758.189941,9800
07-06-2005,6756.600098,6795.029785,6737.089844,6781.25,6781.25,8400
08-06-2005,6768.200195,6862.830078,6768.200195,6858.240234,6858.240234,10000
09-06-2005,6858.700195,6862.790039,6813.200195,6832.529785,6832.529785,14600
10-06-2005,6833.580078,6883.669922,6774.140137,6781.990234,6781.990234,10200
13-06-2005,6790.330078,6843.620117,6757.040039,6832.680176,6832.680176,8400
14-06-2005,6847.620117,6865.180176,6819.310059,6860.180176,6860.180176,9200
15-06-2005,6876.790039,6916.330078,6858.080078,6906.97998,6906.97998,9800
16-06-2005,6906.120117,6933.259766,6869.470215,6900.410156,6900.410156,12600
17-06-2005,6913.069824,6921.600098,6855.549805,6906.52002,6906.52002,11000
20-06-2005,6940.060059,7001.549805,6940.060059,6984.549805,6984.549805,24400
21-06-2005,6985.910156,7083.580078,6967.950195,7076.52002,7076.52002,19000
22-06-2005,7079.870117,7167.319824,7079.870117,7145.339844,7145.339844,37200
23-06-2005,7142.910156,7156.549805,7090.47998,7119.759766,7119.759766,20800
24-06-2005,7104.430176,7178.040039,7058.009766,7148.620117,7148.620117,15400
27-06-2005,7136.390137,7228.209961,7133.939941,7151.080078,7151.080078,18400
28-06-2005,7158.660156,7175.149902,7036.060059,7049,7049,17400
29-06-2005,7059.370117,7125.209961,7034.47998,7119.879883,7119.879883,14200
30-06-2005,7154.27002,7218.279785,7154.27002,7193.850098,7193.850098,28600
01-07-2005,7165.450195,7228.569824,7154.930176,7210.77002,7210.77002,12600
04-07-2005,7186.740234,7284.410156,7186.740234,7277.310059,7277.310059,9600
05-07-2005,7275,7308.720215,7209.859863,7220.25,7220.25,12600
06-07-2005,7227.220215,7296.180176,7227.220215,7287.600098,7287.600098,13400
07-07-2005,7281.069824,7306.540039,7123.109863,7145.129883,7145.129883,16800
08-07-2005,7171.52002,7240.390137,7158.140137,7212.080078,7212.080078,14600
11-07-2005,7227.509766,7320.25,7227.509766,7306.740234,7306.740234,13400
12-07-2005,7297.950195,7352.459961,7217.600098,7303.950195,7303.950195,17000
13-07-2005,7303.189941,7338.009766,7236.779785,7247.910156,7247.910156,11600
14-07-2005,7262.859863,7263.029785,7163.850098,7187.700195,7187.700195,13600
15-07-2005,7192.450195,7283.040039,7178.089844,7271.540039,7271.540039,10400
18-07-2005,7325.649902,7359.810059,7308.870117,7347.100098,7347.100098,17400
19-07-2005,7348.600098,7385.689941,7317.850098,7346.629883,7346.629883,11000
20-07-2005,7373.939941,7392.669922,7334.47998,7342.890137,7342.890137,9800
21-07-2005,7345.97998,7380.689941,7275.589844,7304.319824,7304.319824,12600
22-07-2005,7306.640137,7429.950195,7273.189941,7423.25,7423.25,12200
25-07-2005,7427.649902,7526.879883,7427.649902,7505.600098,7505.600098,17200
26-07-2005,7524.100098,7564.790039,7473.240234,7552.77002,7552.77002,20200
27-07-2005,7559.759766,7620.370117,7504.959961,7605.029785,7605.029785,13200
28-07-2005,null,null,null,null,null,null
29-07-2005,7556.169922,7708.589844,7545.790039,7635.419922,7635.419922,21800
01-08-2005,7632.009766,7681.109863,7596.740234,7669.450195,7669.450195,13800
02-08-2005,7683.129883,7762.799805,7683.129883,7756.040039,7756.040039,19400
03-08-2005,7774.290039,7843.77002,7740.830078,7756.470215,7756.470215,28600
04-08-2005,7810.049805,7826.359863,7756.970215,7797.080078,7797.080078,23400
05-08-2005,7806.109863,7817.609863,7738.640137,7754,7754,17400
08-08-2005,7760.669922,7781.040039,7594.939941,7606.169922,7606.169922,16800
09-08-2005,7617.459961,7686.850098,7559.799805,7595.569824,7595.569824,23200
10-08-2005,7615.899902,7741.350098,7615.899902,7729.819824,7729.819824,14000
11-08-2005,7749.009766,7842.549805,7727.5,7816.509766,7816.509766,27000
12-08-2005,7835.700195,7861.259766,7755.580078,7767.490234,7767.490234,16800
16-08-2005,7774.27002,7828.009766,7737.759766,7768.240234,7768.240234,11000
17-08-2005,7771.779785,7870.620117,7735.370117,7859.529785,7859.529785,11200
18-08-2005,7902.839844,7921.390137,7791.910156,7811.330078,7811.330078,13200
19-08-2005,7817.740234,7867.890137,7760.689941,7780.759766,7780.759766,10600
22-08-2005,7814.930176,7845.959961,7711.180176,7750.600098,7750.600098,16000
23-08-2005,7764.859863,7770.830078,7601.339844,7615.990234,7615.990234,11000
24-08-2005,7615.680176,7639.680176,7537.5,7612,7612,15000
25-08-2005,7651.109863,7672.180176,7595.839844,7660.419922,7660.419922,10600
26-08-2005,7701.069824,7732.310059,7644.410156,7680.220215,7680.220215,11800
29-08-2005,7693,7699.560059,7566.209961,7634.430176,7634.430176,7600
30-08-2005,7681.669922,7758.359863,7679.439941,7745,7745,9800
31-08-2005,7746.799805,7807.669922,7726.97998,7805.430176,7805.430176,9600
01-09-2005,7818.899902,7902.189941,7818.899902,7876.149902,7876.149902,11200
02-09-2005,7888.109863,7928.069824,7836.339844,7899.77002,7899.77002,12600
05-09-2005,7901.350098,7983.330078,7901.350098,7925.240234,7925.240234,10200
06-09-2005,7931.419922,7976.399902,7914.410156,7946.779785,7946.779785,10000
08-09-2005,7957.350098,8060.259766,7957.350098,8052.560059,8052.560059,10400
09-09-2005,8060.890137,8077.740234,8015.75,8060.009766,8060.009766,8800
12-09-2005,8072.990234,8142.810059,8072.990234,8138.419922,8138.419922,8200
13-09-2005,8137.390137,8202.040039,8121.080078,8193.959961,8193.959961,9400
14-09-2005,8207.530273,8260.009766,8144.319824,8189.47998,8189.47998,17400
15-09-2005,8208.209961,8294.240234,8203.769531,8283.759766,8283.759766,11800
16-09-2005,8296.879883,8388.799805,8268.599609,8380.959961,8380.959961,12800
19-09-2005,8399.509766,8461.099609,8382.959961,8444.839844,8444.839844,10600
20-09-2005,8412.709961,8515.5,8376.120117,8500.280273,8500.280273,15600
21-09-2005,8499.330078,8521.75,8261.580078,8487.139648,8487.139648,26800
22-09-2005,8480.620117,8519.599609,8186.129883,8221.639648,8221.639648,27200
23-09-2005,8255.049805,8327.349609,8121.810059,8222.589844,8222.589844,20000
26-09-2005,8280.05957,8487.360352,8280.05957,8478.910156,8478.910156,18600
27-09-2005,8497.25,8585.759766,8444.980469,8525.519531,8525.519531,20000
28-09-2005,8535.80957,8613.830078,8475.679688,8606.030273,8606.030273,18000
29-09-2005,8588.469727,8722.169922,8588.469727,8650.169922,8650.169922,19800
30-09-2005,8672.660156,8683.570313,8527.379883,8634.480469,8634.480469,23400
03-10-2005,8662.990234,8725.75,8662.990234,8697.650391,8697.650391,16600
04-10-2005,8706.700195,8808.830078,8706.700195,8799.959961,8799.959961,27400
05-10-2005,8815.669922,8821.839844,8695.69043,8724.469727,8724.469727,23600
06-10-2005,8693.200195,8693.200195,8508.429688,8528.700195,8528.700195,29400
07-10-2005,8528.700195,8586.429688,8410.69043,8491.55957,8491.55957,25000
10-10-2005,8516.44043,8564.849609,8465.900391,8483.860352,8483.860352,16200
11-10-2005,8547.950195,8563.849609,8381.959961,8540.55957,8540.55957,21200
13-10-2005,8520.480469,8547.799805,8346.320313,8376.900391,8376.900391,24200
14-10-2005,8389.450195,8396.419922,8180.100098,8201.730469,8201.730469,25200
17-10-2005,8230.469727,8254.799805,8131.77002,8202.620117,8202.620117,21800
18-10-2005,8232.259766,8317.379883,8067.910156,8122.25,8122.25,19200
19-10-2005,8066.060059,8084.790039,7922.890137,7971.060059,7971.060059,26400
20-10-2005,8075.819824,8134.830078,7838.02002,7935.120117,7935.120117,27200
21-10-2005,7930.5,8080.77002,7901.140137,8068.950195,8068.950195,25600
24-10-2005,8096.490234,8126.27002,7898.410156,7920.799805,7920.799805,21400
25-10-2005,7974.169922,8074.080078,7921.439941,7991.740234,7991.740234,22200
26-10-2005,7996.919922,8047.859863,7951.049805,7974.689941,7974.689941,15800
27-10-2005,7989.350098,7994.819824,7766.990234,7798.490234,7798.490234,26800
28-10-2005,7795.029785,7795.029785,7656.149902,7685.640137,7685.640137,21800
31-10-2005,7717.069824,7905.700195,7717.069824,7892.319824,7892.319824,15600
02-11-2005,7953.279785,8086.839844,7891.22998,8072.75,8072.75,16600
04-11-2005,null,null,null,null,null,null
07-11-2005,8083.589844,8216.419922,8049.649902,8206.830078,8206.830078,27200
08-11-2005,8218.820313,8353.099609,8213.75,8317.799805,8317.799805,24000
09-11-2005,8332.009766,8405.459961,8269.089844,8308.780273,8308.780273,19400
10-11-2005,8314.389648,8342.530273,8190.990234,8308.929688,8308.929688,1200
11-11-2005,8332.94043,8483.679688,8332.94043,8471.040039,8471.040039,20200
14-11-2005,8503.700195,8569.910156,8416.889648,8494.290039,8494.290039,16200
16-11-2005,8511.099609,8606.950195,8503,8595.919922,8595.919922,15000
17-11-2005,8611.790039,8662.570313,8547.339844,8649.519531,8649.519531,17000
18-11-2005,8669.839844,8739.570313,8661.599609,8686.650391,8686.650391,22400
21-11-2005,8699.269531,8713.099609,8586.919922,8610.740234,8610.740234,21400
22-11-2005,8602.820313,8664.459961,8518.179688,8534.969727,8534.969727,19600
23-11-2005,8542.610352,8649.679688,8537.480469,8638.339844,8638.339844,19600
24-11-2005,8655.139648,8765.709961,8655.139648,8744.040039,8744.040039,19800
25-11-2005,8760.700195,8863.929688,8760.700195,8853.209961,8853.209961,19000
28-11-2005,8905.679688,9005.629883,8905.679688,8994.94043,8994.94043,18800
29-11-2005,9000.650391,9000.650391,8875.820313,8931.160156,8931.160156,19400
30-11-2005,8962.919922,9033.990234,8768.799805,8788.80957,8788.80957,18200
01-12-2005,8813.820313,8960.110352,8769.55957,8944.780273,8944.780273,18200
02-12-2005,9010.580078,9057.969727,8943.700195,8961.610352,8961.610352,18400
05-12-2005,8965.830078,9010.730469,8803.370117,8823.30957,8823.30957,14400
06-12-2005,8827,8915.120117,8783.929688,8815.530273,8815.530273,14000
07-12-2005,8825.929688,8915.879883,8825.929688,8895.80957,8895.80957,13600
08-12-2005,8918.629883,8931.580078,8826.389648,8906.30957,8906.30957,15400
09-12-2005,8907.719727,9080.759766,8907.719727,9067.280273,9067.280273,20200
12-12-2005,9092.650391,9175.599609,9092.650391,9133.669922,9133.669922,18600
13-12-2005,9160.759766,9274.19043,9111.030273,9263.900391,9263.900391,25200
14-12-2005,9264.990234,9309.009766,9199.849609,9241.759766,9241.759766,24400
15-12-2005,9259.780273,9298.280273,9117.259766,9170.400391,9170.400391,18600
16-12-2005,9191.629883,9290.30957,9137.160156,9284.459961,9284.459961,20000
19-12-2005,9263.320313,9402.679688,9263.320313,9394.269531,9394.269531,101000
20-12-2005,9400.25,9427.570313,9310.629883,9346.240234,9346.240234,22000
21-12-2005,9349.240234,9423.25,9272.759766,9339.169922,9339.169922,18800
22-12-2005,9398.620117,9413.700195,9328.759766,9372.299805,9372.299805,36200
23-12-2005,9417.290039,9442.980469,9237.94043,9256.910156,9256.910156,15800
26-12-2005,9254.089844,9262.480469,9050.509766,9085.889648,9085.889648,15400
27-12-2005,9071.25,9297.070313,9020.799805,9283.160156,9283.160156,14600
28-12-2005,9292.179688,9350.820313,9207.269531,9257.509766,9257.509766,19600
29-12-2005,9272.629883,9338.110352,9271.629883,9323.25,9323.25,14200
30-12-2005,9339.320313,9427.230469,9311.530273,9397.929688,9397.929688,15200
02-01-2006,9422.490234,9457.089844,9366.089844,9390.139648,9390.139648,14000
03-01-2006,9401.830078,9546.780273,9390.790039,9539.370117,9539.370117,13200
04-01-2006,9523.290039,9664.94043,9523.290039,9648.080078,9648.080078,21400
05-01-2006,9638.269531,9679.719727,9571.30957,9617.740234,9617.740234,19200
06-01-2006,9635.089844,9680.919922,9535.660156,9640.290039,9640.290039,16000
09-01-2006,9643.919922,9689.679688,9539.629883,9583.450195,9583.450195,15600
10-01-2006,9584.469727,9600.080078,9418.629883,9445.299805,9445.299805,24600
12-01-2006,9334.129883,9435.259766,9303.709961,9380.879883,9380.879883,25400
13-01-2006,9425.070313,9471.889648,9362.25,9374.19043,9374.19043,15600
16-01-2006,9382.860352,9397.620117,9287.089844,9311.19043,9311.19043,17200
17-01-2006,9317.990234,9421.519531,9289.230469,9314.129883,9314.129883,27200
18-01-2006,9293.799805,9302.780273,9158.44043,9237.530273,9237.530273,45800
19-01-2006,9271.629883,9473.860352,9271.629883,9449.839844,9449.839844,19200
20-01-2006,9493.389648,9556.19043,9466.099609,9520.959961,9520.959961,17800
23-01-2006,9467.55957,9503.400391,9432.929688,9464.900391,9464.900391,16200
24-01-2006,9503.419922,9574.139648,9503.419922,9549.919922,9549.919922,16800
25-01-2006,9580.299805,9714.480469,9580.299805,9685.740234,9685.740234,21600
27-01-2006,9764.259766,9883.950195,9764.259766,9870.790039,9870.790039,18200
30-01-2006,9896.459961,9945.19043,9803.679688,9849.030273,9849.030273,29400
31-01-2006,9892.230469,9939.549805,9873.370117,9919.889648,9919.889648,18400
01-02-2006,9959.240234,9993.919922,9819.320313,9859.259766,9859.259766,19000
02-02-2006,9890.900391,9956.099609,9816.009766,9843.870117,9843.870117,19400
03-02-2006,9834.969727,9837.740234,9713.509766,9742.580078,9742.580078,16000
06-02-2006,9746.089844,10002.83008,9739.709961,9980.419922,9980.419922,21400
07-02-2006,9993.389648,10099.58008,9972.429688,10082.28027,10082.28027,19000
08-02-2006,10083.53027,10083.53027,9958.549805,10044.82031,10044.82031,17600
10-02-2006,10066.36035,10122.25,10057.07031,10110.96973,10110.96973,18600
13-02-2006,10132.66992,10182.76953,10096.28027,10173.25,10173.25,15400
14-02-2006,10180.50977,10185.05957,10064.45996,10086.62988,10086.62988,21400
15-02-2006,10144.90039,10191.96973,10036.00977,10113.17969,10113.17969,24000
16-02-2006,10133.41992,10195.41992,10110.45996,10124.29981,10124.29981,15600
17-02-2006,10168.54981,10184.04004,9970,9981.110352,9981.110352,18800
20-02-2006,10002.36035,10092.84961,9896.639648,10079.29981,10079.29981,14800
21-02-2006,10108.16016,10195.50977,10108.16016,10168.11035,10168.11035,15000
22-02-2006,10179.25977,10237.61035,10157.25977,10224.32031,10224.32031,16000
23-02-2006,10268.50977,10304.87988,10228.21973,10244.04981,10244.04981,18800
24-02-2006,10256.74023,10271.66992,10177.12012,10200.75977,10200.75977,12800
27-02-2006,10214.58008,10296.21973,10109.33984,10282.08984,10282.08984,13000
28-02-2006,10308.70996,10422.65039,10206.05957,10370.24023,10370.24023,31800
01-03-2006,10368.75,10573.29004,10344.25977,10565.46973,10565.46973,27600
02-03-2006,10597.19043,10706.21973,10593.79981,10626.78027,10626.78027,26800
03-03-2006,10649.28027,10690,10556.03027,10595.42969,10595.42969,17800
06-03-2006,10616.99023,10741.58984,10616.99023,10735.36035,10735.36035,21600
07-03-2006,10747.87012,10753.12988,10661.62012,10725.66992,10725.66992,24400
08-03-2006,10728.38965,10740.59961,10493.91016,10508.84961,10508.84961,27200
09-03-2006,10533.88965,10593.08008,10376.54004,10573.54004,10573.54004,24800
10-03-2006,10581.63965,10782.33984,10581.63965,10765.16016,10765.16016,18400
13-03-2006,10818.94043,10884.48047,10782.53027,10803.70996,10803.70996,15800
14-03-2006,10796.82031,10896.38965,10761.21973,10801.71973,10801.71973,22600
16-03-2006,10859.38965,10889.25,10830.19043,10878.74023,10878.74023,18400
17-03-2006,10902.25977,10951.37988,10844.03027,10860.04004,10860.04004,26400
20-03-2006,10903.25,10946.94043,10889.41016,10941.11035,10941.11035,14000
21-03-2006,10945.62012,11017.25,10863.61035,10905.2002,10905.2002,16200
22-03-2006,10900.01953,10935.08984,10784.41992,10841.34961,10841.34961,19000
23-03-2006,10861.9502,10924.29004,10792.98047,10840.58984,10840.58984,14400
24-03-2006,10851.79981,10966.05957,10851.79981,10950.29981,10950.29981,21800
27-03-2006,10996.36035,11101.41992,10996.36035,11079.01953,11079.01953,22400
28-03-2006,11114.42969,11146.84961,11051.12988,11086.03027,11086.03027,19000
29-03-2006,11103.87012,11197.63965,11103.87012,11183.48047,11183.48047,17800
30-03-2006,11241.78027,11338.66016,11227.82031,11307.04004,11307.04004,23400
31-03-2006,11325.95996,11356.9502,11231.16016,11279.95996,11279.95996,17200
03-04-2006,11342.95996,11579.09961,11342.95996,11564.36035,11564.36035,16600
04-04-2006,11599.79981,11710.69043,11570.11035,11638.00977,11638.00977,18000
05-04-2006,11671.13965,11755.2002,11653.38965,11746.90039,11746.90039,16200
07-04-2006,11845.12988,11930.66016,11564.87012,11589.44043,11589.44043,30400
10-04-2006,11620.37988,11691.91992,11535.28027,11662.54981,11662.54981,22000
12-04-2006,11693.15039,11702.76953,11302.78027,11355.73047,11355.73047,27000
13-04-2006,11366.91016,11380.83008,11008.42969,11237.23047,11237.23047,32800
17-04-2006,11323.74023,11560.90039,11323.74023,11539.67969,11539.67969,22800
18-04-2006,11624.96973,11834.76953,11624.96973,11821.57031,11821.57031,24200
19-04-2006,11880.04981,11986.08984,11799.62012,11895.98047,11895.98047,26200
20-04-2006,11941.49023,12053.74023,11866.20996,12039.54981,12039.54981,26400
21-04-2006,12053.90039,12102,11860.34961,12030.29981,12030.29981,32800
24-04-2006,12063.73047,12071.07031,11882.48047,11915.24023,11915.24023,16600
25-04-2006,11943.08008,11953,11621.61035,11646.78027,11646.78027,18800
26-04-2006,11677.04981,11965.08984,11635.40039,11938.53027,11938.53027,18600
27-04-2006,11968.79981,12086.91016,11803.49023,11835.01953,11835.01953,31200
28-04-2006,11698.67969,11877.32031,11344.61035,11851.92969,11851.92969,22800
02-05-2006,12103.78027,12288.50977,12103.78027,12218.78027,12218.78027,19800
03-05-2006,12231.12012,12337.00977,12134.19043,12310.71973,12310.71973,19200
04-05-2006,12358.30957,12482.91016,12264.13965,12347.62988,12347.62988,20200
05-05-2006,12373.46973,12443.54004,12304.58984,12359.7002,12359.7002,20000
08-05-2006,12393.21973,12511.07031,12393.21973,12462.46973,12462.46973,17600
09-05-2006,12488.37988,12546.46973,12356.04004,12513.86035,12513.86035,22400
10-05-2006,12546.92969,12624.37012,12530.98047,12612.37988,12612.37988,19000
11-05-2006,12631.54004,12671.11035,12397.01953,12435.41016,12435.41016,19000
12-05-2006,12400.70996,12421.75977,12224.44043,12285.11035,12285.11035,21000
15-05-2006,12272.63965,12272.63965,11770.75977,11822.2002,11822.2002,30200
16-05-2006,11861.17969,11954.50977,11378.95996,11873.73047,11873.73047,38200
17-05-2006,11962.87012,12238.80957,11962.87012,12217.80957,12217.80957,18800
18-05-2006,12163.98047,12163.98047,11330.4502,11391.42969,11391.42969,30600
19-05-2006,11549.66992,11697.11035,10799.00977,10938.61035,10938.61035,35000
22-05-2006,11071.62988,11142.90039,9826.910156,10481.76953,10481.76953,31400
23-05-2006,10590.66992,10859.2002,10185.48047,10822.78027,10822.78027,30400
24-05-2006,10830.98047,11000.95996,10504.58984,10573.15039,10573.15039,25600
25-05-2006,10520.90039,10720.66992,10274.92969,10666.32031,10666.32031,21200
26-05-2006,10735.13965,11050.76953,10735.13965,10809.34961,10809.34961,24800
29-05-2006,10855.03027,10992.37988,10781.61035,10853.13965,10853.13965,15400
30-05-2006,10886.61035,10988.23047,10722.91992,10786.62988,10786.62988,16200
31-05-2006,10679.49023,10679.49023,10111.95996,10398.61035,10398.61035,35800
01-06-2006,10472.45996,10597.23047,10017.82031,10071.41992,10071.41992,24200
02-06-2006,10104.57031,10477.34961,10011.4502,10451.33008,10451.33008,28400
05-06-2006,10537.08008,10552.37988,10186.33008,10213.48047,10213.48047,19200
06-06-2006,10087.95996,10192.73047,9884.889648,9957.320313,9957.320313,26200
07-06-2006,9919.280273,10051.80957,9609.209961,9756.759766,9756.759766,27000
08-06-2006,9664.900391,9664.900391,9200.799805,9295.80957,9295.80957,36800
09-06-2006,9270.780273,9849.200195,9262.200195,9810.459961,9810.459961,29400
12-06-2006,9858.469727,9859.379883,9428.030273,9476.150391,9476.150391,20400
13-06-2006,9360.05957,9360.05957,8993.580078,9062.650391,9062.650391,28000
14-06-2006,9156.969727,9387.05957,8799.009766,8929.44043,8929.44043,27400
15-06-2006,9133.360352,9582.969727,9092.160156,9545.05957,9545.05957,26200
16-06-2006,9703.05957,10118.28027,9703.05957,9884.509766,9884.509766,33400
19-06-2006,9903.110352,10049.94043,9755.209961,9997.839844,9997.839844,20800
20-06-2006,9958.330078,9958.330078,9745.169922,9822.519531,9822.519531,22400
21-06-2006,9797.870117,10054.04981,9757.540039,10040.13965,10040.13965,24800
22-06-2006,10093.37988,10362.74023,10093.37988,10275.87988,10275.87988,22400
23-06-2006,10201.30957,10453.61035,10025.19043,10401.29981,10401.29981,22600
26-06-2006,10427.84961,10451.46973,9991.120117,10042.05957,10042.05957,21800
27-06-2006,10058.29004,10224.25977,9902.330078,10151.00977,10151.00977,31400
28-06-2006,10067.54981,10204.66016,9909.759766,10129.7002,10129.7002,26000
29-06-2006,10193.94043,10326.04981,10109.55957,10162.16016,10162.16016,20200
30-06-2006,10316.12012,10626.83984,10316.12012,10609.25,10609.25,30600
03-07-2006,10646.55957,10729.91992,10589.45996,10695.25977,10695.25977,22600
04-07-2006,10755.4502,10800.11035,10644.71973,10662.21973,10662.21973,17400
05-07-2006,10641.33008,10940.4502,10611.34961,10919.63965,10919.63965,25600
06-07-2006,10836.49023,10839.53027,10703,10767.96973,10767.96973,22000
07-07-2006,10813.75,10887.66992,10440.01953,10509.53027,10509.53027,28000
10-07-2006,10484.25,10704.78027,10461.73047,10684.29981,10684.29981,16600
11-07-2006,10699.62012,10699.62012,10566.70996,10614.34961,10614.34961,18400
12-07-2006,10604.63965,10939.67969,10549.84961,10930.08984,10930.08984,25600
13-07-2006,10922.61035,10922.61035,10797.49023,10858.5,10858.5,22200
14-07-2006,10782.98047,10782.98047,10563.75977,10678.21973,10678.21973,20800
17-07-2006,10647.25977,10647.25977,10262.57031,10293.21973,10293.21973,17800
18-07-2006,10336.62012,10406.42969,10149.84961,10226.78027,10226.78027,20200
19-07-2006,10320.58984,10406.20996,9972.730469,10007.33984,10007.33984,24400
20-07-2006,10247.87012,10409.58008,10225.17969,10352.94043,10352.94043,23600
21-07-2006,10336.37988,10336.37988,10035.24023,10085.91016,10085.91016,23000
24-07-2006,9881.030273,10252.75,9875.349609,10215.37012,10215.37012,20600
25-07-2006,10351.75,10443.04981,10323.76953,10415.61035,10415.61035,18400
26-07-2006,10465.33984,10648.76953,10362.61035,10617.26953,10617.26953,19600
27-07-2006,10671.76953,10762.66992,10589.67969,10741.58984,10741.58984,20800
28-07-2006,10787.65039,10787.65039,10603.83008,10680.23047,10680.23047,21000
31-07-2006,10759.19043,10853.91016,10710.29004,10743.87988,10743.87988,17800
01-08-2006,10737.5,10777.46973,10646.65039,10751.66016,10751.66016,15800
02-08-2006,10747.12988,10891.37988,10730.12988,10876.19043,10876.19043,18600
03-08-2006,10955.26953,11081.90039,10875.87012,10923.16016,10923.16016,20600
04-08-2006,10951.80957,11039.33984,10810.04004,10866.50977,10866.50977,18800
07-08-2006,10863.28027,10869.66016,10780.00977,10812.63965,10812.63965,13600
08-08-2006,10839.53027,11028.01953,10839.53027,11014.96973,11014.96973,15200
09-08-2006,10990.73047,11187.65039,10943.83008,11145.17969,11145.17969,18400
10-08-2006,11175,11213.03027,11051.75,11149.16992,11149.16992,16600
11-08-2006,11181.33984,11241.11035,11069.25,11192.45996,11192.45996,18600
14-08-2006,11221.86035,11330.29981,11221.86035,11312.99023,11312.99023,13200
16-08-2006,11384.04981,11507.91992,11384.04981,11448.30957,11448.30957,15200
17-08-2006,11498.46973,11551.58984,11379.44043,11477.48047,11477.48047,19800
18-08-2006,11507.13965,11508.16992,11409.11035,11465.71973,11465.71973,14600
21-08-2006,11488.03027,11531.59961,11375.90039,11511.67969,11511.67969,11000
22-08-2006,11547.41992,11619.86035,11460.92969,11502.62012,11502.62012,12200
23-08-2006,11579.91992,11579.91992,11374.86035,11406.65039,11406.65039,13200
24-08-2006,11367.74023,11566.88965,11297.23047,11531.9502,11531.9502,15600
25-08-2006,11589.34961,11635.25,11542.09961,11572.2002,11572.2002,17000
28-08-2006,11583.73047,11633.34961,11552.44043,11619.51953,11619.51953,9200
29-08-2006,11651.95996,11739.76953,11651.95996,11706.84961,11706.84961,16000
30-08-2006,11735.04981,11756.08008,11643.37988,11723.91992,11723.91992,12800
31-08-2006,11754.07031,11794.42969,11675.08008,11699.04981,11699.04981,16600
01-09-2006,11699.57031,11795.01953,11666.00977,11778.01953,11778.01953,11600
04-09-2006,11824.49023,11939.95996,11824.49023,11914.20996,11914.20996,10000
05-09-2006,11927.41992,11945.53027,11847.92969,11904.59961,11904.59961,12000
06-09-2006,11908.53027,11983.48047,11904.91992,11933.20996,11933.20996,12400
07-09-2006,11893.33008,11921.29981,11815.42969,11853.84961,11853.84961,11800
08-09-2006,11859.44043,11940.58008,11825.21973,11918.65039,11918.65039,16400
11-09-2006,11959.55957,11971.59961,11505.59961,11550.69043,11550.69043,18600
12-09-2006,11564.9502,11671.63965,11445.19043,11660.79004,11660.79004,19400
13-09-2006,11723.78027,11938.41016,11723.78027,11893.79004,11893.79004,15400
14-09-2006,11936.79981,12002.94043,11892.24023,11973.01953,11973.01953,14400
15-09-2006,11977.69043,12041.7002,11847.61035,12009.58984,12009.58984,12800
18-09-2006,12006.19043,12114.9502,12006.19043,12071.29981,12071.29981,12400
19-09-2006,12103.44043,12152.59961,11915.20996,11970.46973,11970.46973,17200
20-09-2006,11946.32031,12128.99023,11833.61035,12109.13965,12109.13965,13800
21-09-2006,12167.91016,12285.90039,12167.91016,12274.26953,12274.26953,15000
22-09-2006,12244.41016,12303.41992,12170.2002,12236.78027,12236.78027,13400
25-09-2006,12257.26953,12273.4502,12145.08984,12173.91016,12173.91016,15200
26-09-2006,12206.79004,12331.4502,12160.58008,12321.19043,12321.19043,14200
27-09-2006,12359.00977,12442.82031,12339.98047,12366.91016,12366.91016,12600
28-09-2006,12388.66016,12431.79004,12340.16992,12380.74023,12380.74023,13400
29-09-2006,12414.66016,12485.16992,12381.29004,12454.41992,12454.41992,12600
03-10-2006,12473.79004,12489.28027,12343.79981,12366.38965,12366.38965,11600
04-10-2006,12401.08984,12419.65039,12178.83008,12204.00977,12204.00977,14400
05-10-2006,12299.20996,12415.96973,12299.20996,12389.41016,12389.41016,12200
06-10-2006,12391.25977,12434.21973,12357.95996,12372.80957,12372.80957,12000
09-10-2006,12335.82031,12429.74023,12261.49023,12365.83008,12365.83008,10600
10-10-2006,12416.42969,12481.92969,12341.33984,12363.76953,12363.76953,11400
11-10-2006,12446.71973,12514.17969,12301.50977,12353.49023,12353.49023,13800
12-10-2006,12387.88965,12558.70996,12315.01953,12537.98047,12537.98047,13600
13-10-2006,12632.62012,12756.23047,12632.62012,12736.41992,12736.41992,16600
16-10-2006,12785.03027,12953.75977,12785.03027,12928.17969,12928.17969,18800
17-10-2006,12981.53027,12994.4502,12819.34961,12883.83008,12883.83008,16000
18-10-2006,12886.33008,12920.58984,12830.83984,12858.48047,12858.48047,16400
19-10-2006,12881.79981,12925.59961,12654.98047,12723.58984,12723.58984,15400
20-10-2006,12756.41016,12849.01953,12679.84961,12709.40039,12709.40039,15800
23-10-2006,12757.30957,12766.29981,12612.36035,12623.28027,12623.28027,7800
26-10-2006,12636.16016,12718.30957,12636.16016,12698.41016,12698.41016,13200
27-10-2006,12741.84961,12921.23047,12741.84961,12906.80957,12906.80957,15200
30-10-2006,12925.42969,13039.29981,12844.84961,13024.25977,13024.25977,13800
31-10-2006,13048.75977,13075.84961,12907.94043,12961.90039,12961.90039,17200
01-11-2006,12992.62012,13050.73047,12937.29981,13033.04004,13033.04004,12800
02-11-2006,13062.51953,13137.74023,13014.65039,13091.12012,13091.12012,12000
03-11-2006,13119.33984,13146.86035,13017.83984,13130.79004,13130.79004,12600
06-11-2006,13155.11035,13206.87012,13113.38965,13186.88965,13186.88965,14600
07-11-2006,13208.79004,13300.69043,13135.20996,13156.66016,13156.66016,17200
08-11-2006,13176.08008,13202.67969,12950.57031,13072.50977,13072.50977,16400
09-11-2006,13107.78027,13192.88965,13069.84961,13137.49023,13137.49023,16800
10-11-2006,13187.50977,13303.84961,13104.98047,13282.91016,13282.91016,16400
13-11-2006,13295.24023,13410.08008,13287.28027,13399,13399,12800
14-11-2006,13439.70996,13486.74023,13380.76953,13425.5,13425.5,22000
15-11-2006,13476.28027,13506.08008,13390.79004,13469.37012,13469.37012,14400
16-11-2006,13500.7002,13588.00977,13459.28027,13505.88965,13505.88965,68200
17-11-2006,13678.04004,13678.04004,13383.42969,13429.48047,13429.48047,20800
20-11-2006,13390.9502,13463.05957,13200.36035,13430.70996,13430.70996,15600
21-11-2006,13434.58008,13630.41016,13434.58008,13616.76953,13616.76953,14200
22-11-2006,13625.08984,13740.38965,13625.08984,13706.53027,13706.53027,15200
23-11-2006,13667.12988,13790.82031,13643.46973,13680.83008,13680.83008,12200
24-11-2006,13669.80957,13767.84961,13665.51953,13703.33008,13703.33008,17800
27-11-2006,13716.45996,13799.01953,13716.45996,13773.58984,13773.58984,12000
28-11-2006,13690.66992,13691.12012,13577.37988,13601.9502,13601.9502,16000
29-11-2006,13649.2002,13711.75977,13586.04004,13616.73047,13616.73047,13600
30-11-2006,13630.90039,13745.16016,13630.61035,13696.30957,13696.30957,10800
01-12-2006,13729.66992,13857.80957,13725.78027,13844.78027,13844.78027,12200
04-12-2006,13846.70996,13912.54004,13828.90039,13874.33008,13874.33008,10000
05-12-2006,14028.46973,14028.46973,13905.65039,13937.65039,13937.65039,12400
06-12-2006,13951.08984,14035.29981,13847.66992,13949,13949,11000
07-12-2006,13962.94043,14002.71973,13915.74023,13972.03027,13972.03027,9600
08-12-2006,14007.66992,14009.55957,13756.86035,13799.49023,13799.49023,14800
11-12-2006,13783,13801.98047,13261.73047,13399.42969,13399.42969,27200
12-12-2006,13413.61035,13492.20996,12801.65039,12995.01953,12995.01953,21200
13-12-2006,13039.01953,13223,12830.37988,13181.33984,13181.33984,20800
14-12-2006,13256.80957,13524.76953,13239.79004,13487.16016,13487.16016,14600
15-12-2006,13545.59961,13669.65039,13545.59961,13614.51953,13614.51953,18800
18-12-2006,13695.59961,13744.16992,13416.40039,13731.08984,13731.08984,14200
19-12-2006,13737.36035,13748.62012,13237.38965,13382.00977,13382.00977,18600
20-12-2006,13452.69043,13568.08984,13232.55957,13340.20996,13340.20996,15400
21-12-2006,13313.91016,13441.36035,13182.34961,13384.86035,13384.86035,12000
22-12-2006,13398.12988,13493.87988,13362.11035,13471.74023,13471.74023,10800
26-12-2006,13501.44043,13726.62012,13490.76953,13708.33984,13708.33984,8200
27-12-2006,13734.00977,13911.58984,13734.00977,13859.69043,13859.69043,11400
28-12-2006,13893.29004,13960.38965,13819.76953,13846.33984,13846.33984,11600
29-12-2006,13873.03027,13929.09961,13770.05957,13786.91016,13786.91016,8800
02-01-2007,13827.76953,13980.54004,13797.44043,13942.24023,13942.24023,9600
03-01-2007,13969.4502,14035.66992,13897.41992,14014.91992,14014.91992,11600
04-01-2007,14029.04004,14060.34961,13850.37988,13871.70996,13871.70996,14600
05-01-2007,13768.79004,13971.82031,13763.38965,13860.51953,13860.51953,13200
08-01-2007,13855.88965,13855.88965,13599.87012,13652.15039,13652.15039,11600
09-01-2007,13650.95996,13748.41992,13493.37988,13566.33008,13566.33008,36600
10-01-2007,13569.57031,13569.57031,13336.51953,13362.16016,13362.16016,12600
11-01-2007,13331.37988,13667.79981,13303.21973,13630.70996,13630.70996,15600
12-01-2007,13729.07031,14070.87988,13729.07031,14056.53027,14056.53027,14400
15-01-2007,14110.44043,14202.12012,14103.12012,14129.63965,14129.63965,15400
16-01-2007,14146,14211.15039,14070.65039,14114.73047,14114.73047,9000
17-01-2007,14116.25,14185.12012,14089.62988,14131.33984,14131.33984,9000
18-01-2007,14165.76953,14325.91992,14140.34961,14217.75,14217.75,13800
19-01-2007,14271.24023,14300.11035,14067.51953,14182.70996,14182.70996,14400
22-01-2007,14217.79981,14259.07031,14111.75,14209.24023,14209.24023,11200
23-01-2007,14212.12012,14212.12012,14025.74023,14041.24023,14041.24023,14600
24-01-2007,14069.61035,14156.45996,14043.54004,14110.45996,14110.45996,18000
25-01-2007,14151.62012,14307.19043,14115.40039,14282.71973,14282.71973,15600
29-01-2007,14306.96973,14316.54004,14185.91992,14211.95996,14211.95996,12800
31-01-2007,14219.37988,14269.30957,14045.61035,14090.91992,14090.91992,25000
01-02-2007,14124.36035,14278.08008,14109.91016,14267.17969,14267.17969,14200
02-02-2007,14293.11035,14462.76953,14293.11035,14403.76953,14403.76953,18400
05-02-2007,14432.08984,14526.50977,14372.36035,14515.90039,14515.90039,11600
06-02-2007,14541.24023,14564.79981,14452.78027,14478.19043,14478.19043,18600
07-02-2007,14493.55957,14663.25977,14478.4502,14643.12988,14643.12988,11400
08-02-2007,14690.58008,14697.69043,14523.16016,14652.08984,14652.08984,11600
09-02-2007,14684.34961,14723.87988,14493.66992,14538.90039,14538.90039,12200
12-02-2007,14529.28027,14529.28027,14146.21973,14190.7002,14190.7002,21200
13-02-2007,14168.33008,14363.74023,13957.7002,14090.98047,14090.98047,24400
14-02-2007,13990.41016,14036.61035,13805.36035,14009.90039,14009.90039,22400
15-02-2007,14107.08984,14372.95996,14107.08984,14355.54981,14355.54981,16200
19-02-2007,14406.87988,14479.17969,14372.07031,14402.90039,14402.90039,12600
20-02-2007,14449.23047,14466.75977,14230.46973,14253.37988,14253.37988,13200
21-02-2007,14199.07031,14312.87988,14157.71973,14188.49023,14188.49023,14600
22-02-2007,14200.11035,14287.03027,13978.04981,14021.30957,14021.30957,16200
23-02-2007,14071.26953,14071.26953,13568.08008,13632.53027,13632.53027,18200
26-02-2007,13684.9502,13723.40039,13383.87988,13649.51953,13649.51953,17400
27-02-2007,13703.41016,13703.41016,13408.55957,13478.83008,13478.83008,15400
28-02-2007,13045.12012,13298.51953,12800.91016,12938.08984,12938.08984,35800
01-03-2007,13013.74023,13193.12988,12861.34961,13159.54981,13159.54981,24200
02-03-2007,13139.09961,13254.03027,12836.75,12886.12988,12886.12988,19600
05-03-2007,12716.84961,12716.84961,12344.44043,12415.04004,12415.04004,27600
06-03-2007,12573.00977,12760.21973,12427.12988,12697.08984,12697.08984,21600
07-03-2007,12792.90039,12902.17969,12390.45996,12579.75,12579.75,19800
08-03-2007,12649.76953,13099.83008,12596.86035,13049.34961,13049.34961,20800
09-03-2007,13107.37012,13145.71973,12788.16016,12884.99023,12884.99023,25200
12-03-2007,12916.66992,13056.86035,12844.99023,12902.62988,12902.62988,17200
13-03-2007,12924.5,13026.84961,12817.62012,12982.98047,12982.98047,15000
14-03-2007,12694.36035,12694.36035,12504.09961,12529.62012,12529.62012,19200
15-03-2007,12655.94043,12789.80957,12510.75,12543.84961,12543.84961,16200
16-03-2007,12570.51953,12638.78027,12316.09961,12430.40039,12430.40039,14800
19-03-2007,12484.63965,12655,12426.66016,12644.99023,12644.99023,12000
20-03-2007,12746.94043,12798.79981,12674.76953,12705.94043,12705.94043,15600
21-03-2007,12735.91016,12964.94043,12664.33008,12945.87988,12945.87988,16000
22-03-2007,13071.80957,13326.24023,13071.80957,13308.03027,13308.03027,19000
23-03-2007,13343.57031,13386.9502,13196.90039,13285.92969,13285.92969,16400
26-03-2007,13345.73047,13345.73047,13090.79981,13124.32031,13124.32031,12200
28-03-2007,13034.26953,13035.55957,12861.17969,12884.33984,12884.33984,13200
29-03-2007,12862.53027,13004.40039,12832.69043,12979.66016,12979.66016,15600
30-03-2007,13018.20996,13111.87012,12984.12988,13072.09961,13072.09961,13600
02-04-2007,12811.92969,12811.92969,12425.51953,12455.37012,12455.37012,15800
03-04-2007,12503.75,12657.75,12481.86035,12624.58008,12624.58008,12200
04-04-2007,12691.24023,12835.36035,12691.24023,12786.76953,12786.76953,18800
05-04-2007,12791.59961,12899.30957,12711.5,12856.08008,12856.08008,15800
09-04-2007,12904.84961,13194,12904.84961,13177.74023,13177.74023,13800
10-04-2007,13236.2002,13236.2002,13075.48047,13189.54004,13189.54004,15400
11-04-2007,13221.75977,13294.90039,13161.20996,13183.24023,13183.24023,16000
12-04-2007,13127.86035,13160.15039,13030.87012,13113.80957,13113.80957,12200
13-04-2007,13163.01953,13421.04981,13119.87988,13384.08008,13384.08008,18400
16-04-2007,13479.49023,13708.40039,13479.49023,13695.58008,13695.58008,14200
17-04-2007,13733.17969,13755.75977,13581.04004,13607.04004,13607.04004,14200
18-04-2007,13602.90039,13762.91992,13602.90039,13672.19043,13672.19043,14200
19-04-2007,13538.70996,13658.11035,13423.63965,13619.7002,13619.7002,15800
20-04-2007,13684.9502,13915.62012,13684.9502,13897.41016,13897.41016,21200
23-04-2007,13972.80957,14046.51953,13879.38965,13928.33008,13928.33008,42800
24-04-2007,13893.71973,14197.32031,13850.07031,14136.71973,14136.71973,22000
25-04-2007,14141.7002,14238.29004,14052.16992,14217.76953,14217.76953,18000
26-04-2007,14273.16992,14383.71973,14127.17969,14228.87988,14228.87988,16800
27-04-2007,14219.25,14219.25,13884.53027,13908.58008,13908.58008,19800
30-04-2007,13823.40039,13901.12012,13693.58984,13872.37012,13872.37012,15400
03-05-2007,13987.76953,14107.05957,13987.76953,14078.20996,14078.20996,14200
04-05-2007,14129.88965,14189.20996,13912.91992,13934.26953,13934.26953,13200
07-05-2007,14044.70996,14067.07031,13861.37988,13879.25,13879.25,11600
08-05-2007,13886,13956.40039,13741.24023,13765.45996,13765.45996,12800
09-05-2007,13707.86035,13806.37012,13612.04004,13781.50977,13781.50977,12400
10-05-2007,13823.36035,13976.79004,13745.23047,13771.23047,13771.23047,13600
11-05-2007,13691.86035,13864.17969,13562.9502,13796.16016,13796.16016,16000
14-05-2007,13954.41016,14026.01953,13924.01953,13965.86035,13965.86035,11200
15-05-2007,13948.91016,14023.86035,13885.45996,13929.33008,13929.33008,11200
16-05-2007,13949.80957,14159.36035,13936.87988,14127.30957,14127.30957,19800
17-05-2007,14217.36035,14352.98047,14217.36035,14299.70996,14299.70996,17600
18-05-2007,14261.46973,14337.05957,14201.00977,14303.41016,14303.41016,12400
21-05-2007,14414.83008,14451.29981,14384.61035,14418.59961,14418.59961,30800
22-05-2007,14458.48047,14483.58984,14348.25977,14453.71973,14453.71973,17000
23-05-2007,14490.03027,14500.63965,14325.88965,14363.25977,14363.25977,18000
24-05-2007,14344.7002,14389.66016,14174.04981,14218.11035,14218.11035,13600
25-05-2007,14073.61035,14364.9502,14046.05957,14338.4502,14338.4502,14000
28-05-2007,14467.84961,14527.46973,14368.40039,14397.88965,14397.88965,12000
29-05-2007,14418.98047,14530.15039,14372.07031,14508.20996,14508.20996,11000
30-05-2007,14501.45996,14576.37012,14379.20996,14411.37988,14411.37988,15000
31-05-2007,14451.30957,14573.80957,14448.57031,14544.45996,14544.45996,12400
01-06-2007,14610.28027,14682.09961,14539.88965,14570.75,14570.75,13800
04-06-2007,14618.78027,14683.36035,14465.67969,14495.76953,14495.76953,15200
05-06-2007,14514.2002,14571.30957,14432.66992,14535.00977,14535.00977,10800
06-06-2007,14551.53027,14590.82031,14234.07031,14255.92969,14255.92969,22800
07-06-2007,14195.83984,14362.58008,14139.08984,14186.17969,14186.17969,17000
08-06-2007,14063.94043,14229.21973,14010.61035,14063.80957,14063.80957,18600
11-06-2007,14170.80957,14268.91016,14057.62988,14083.41016,14083.41016,12000
12-06-2007,14122.33008,14153.44043,13946.99023,14130.9502,14130.9502,13600
13-06-2007,14139.91992,14152.79004,13968.37988,14003.03027,14003.03027,13000
14-06-2007,14087.91016,14219.24023,14087.91016,14203.71973,14203.71973,11800
15-06-2007,14277.61035,14326.54981,14112.53027,14162.70996,14162.70996,13000
18-06-2007,14241.75977,14283.70996,14057.25977,14080.13965,14080.13965,9400
19-06-2007,14088.58008,14315.17969,14058.79004,14295.5,14295.5,9400
20-06-2007,14359.95996,14449.37988,14347.58008,14411.9502,14411.9502,11200
21-06-2007,14415.55957,14526.44043,14406.66992,14499.24023,14499.24023,13800
22-06-2007,14508.62988,14560.32031,14441.75977,14467.36035,14467.36035,18600
25-06-2007,14469.42969,14521.62012,14424.70996,14487.71973,14487.71973,16200
26-06-2007,14478.75,14560.48047,14478.75,14501.08008,14501.08008,12400
27-06-2007,14520.19043,14520.19043,14407.12012,14431.05957,14431.05957,10400
28-06-2007,14498.04981,14537.04004,14435.24023,14504.57031,14504.57031,16000
29-06-2007,14589.51953,14663.25,14574.4502,14650.50977,14650.50977,10800
02-07-2007,14685.16016,14745.96973,14638.87988,14664.25977,14664.25977,9200
03-07-2007,14720,14828.38965,14720,14806.50977,14806.50977,9200
04-07-2007,14868.13965,14906.92969,14790.75,14880.24023,14880.24023,14800
05-07-2007,14932.53027,14963.25977,14731.21973,14861.88965,14861.88965,18800
06-07-2007,14843.42969,15007.21973,14826.55957,14964.12012,14964.12012,20000
09-07-2007,15018.70996,15085.21973,15005.46973,15045.73047,15045.73047,14200
10-07-2007,15100.12988,15114.9502,14966.40039,15009.87988,15009.87988,12600
11-07-2007,14948.15039,15015.34961,14829.54981,14910.62012,14910.62012,14600
12-07-2007,14963.53027,15112.21973,14963.53027,15092.04004,15092.04004,19800
13-07-2007,15216.83008,15330.73047,15216.83008,15272.71973,15272.71973,24000
16-07-2007,15295.03027,15341.37988,15239.41016,15311.21973,15311.21973,20000
17-07-2007,15357.59961,15440.2002,15272.45996,15289.82031,15289.82031,15800
18-07-2007,15296.05957,15325.78027,15160.26953,15301.16992,15301.16992,13000
19-07-2007,15357.37988,15593.30957,15357.37988,15550.12988,15550.12988,18600
20-07-2007,15625.62988,15683.03027,15524.67969,15565.54981,15565.54981,18000
23-07-2007,15560.57031,15773.37012,15477.91016,15732.2002,15732.2002,13400
24-07-2007,15802.19043,15868.84961,15742.32031,15794.91992,15794.91992,22200
25-07-2007,15711.87012,15771.25977,15572.98047,15699.33008,15699.33008,25200
26-07-2007,15768.28027,15812.26953,15654.40039,15776.30957,15776.30957,17000
27-07-2007,15487.75977,15495.50977,15159.67969,15234.57031,15234.57031,30200
30-07-2007,15278.03027,15451.80957,15135.25,15260.91016,15260.91016,20400
31-07-2007,15358.69043,15568.84961,15224.82031,15550.99023,15550.99023,18200
01-08-2007,15344.01953,15344.01953,14910.51953,14935.76953,14935.76953,22800
02-08-2007,15022.87012,15134.53027,14896.46973,14985.7002,14985.7002,14400
03-08-2007,15061.12988,15235.50977,15061.12988,15138.40039,15138.40039,11400
06-08-2007,14892.59961,14928.79981,14705.58008,14903.03027,14903.03027,15600
07-08-2007,15038.03027,15142.04004,14901.83008,14932.76953,14932.76953,14000
08-08-2007,15088.07031,15340.24023,15088.07031,15307.98047,15307.98047,17200
09-08-2007,15452.44043,15542.40039,15062.09961,15100.15039,15100.15039,16400
10-08-2007,14674.91992,14901.30957,14570.88965,14868.25,14868.25,16400
13-08-2007,14965.65039,15044.74023,14869.15039,15017.20996,15017.20996,9400
14-08-2007,15066.70996,15069.63965,14964.66016,15000.91016,15000.91016,9600
16-08-2007,14584.91992,14584.91992,14345.03027,14358.20996,14358.20996,21800
17-08-2007,14309.37012,14318.55957,13779.87988,14141.51953,14141.51953,32400
20-08-2007,14512.28027,14680.08984,14406.91016,14427.54981,14427.54981,12400
21-08-2007,14512.19043,14534.50977,13941.92969,13989.11035,13989.11035,15800
22-08-2007,14055.40039,14281.48047,13870.7002,14248.66016,14248.66016,19400
23-08-2007,14458.33008,14554.92969,14128.71973,14163.98047,14163.98047,17800
24-08-2007,14237.25977,14455.49023,14163.61035,14424.87012,14424.87012,10400
27-08-2007,14581.34961,14858.92969,14581.34961,14842.37988,14842.37988,11600
28-08-2007,14841.61035,14952.04004,14751.67969,14919.19043,14919.19043,14200
29-08-2007,14651.49023,15029.53027,14592.11035,14993.04004,14993.04004,17400
30-08-2007,15168.69043,15200.80957,15053.98047,15121.74023,15121.74023,18400
31-08-2007,15131.36035,15350.91016,15131.36035,15318.59961,15318.59961,14400
03-09-2007,15401.99023,15427.16016,15323.04981,15422.04981,15422.04981,15000
04-09-2007,15482.12988,15521.48047,15389.62012,15465.40039,15465.40039,13400
05-09-2007,15535.34961,15580.86035,15407,15446.15039,15446.15039,16200
06-09-2007,15383.17969,15637.74023,15350.17969,15616.30957,15616.30957,11200
07-09-2007,15655.37012,15716.05957,15565.21973,15590.41992,15590.41992,14000
10-09-2007,15413.58008,15626.28027,15363.53027,15596.83008,15596.83008,11200
11-09-2007,15668.40039,15698.98047,15506.09961,15542.76953,15542.76953,12000
12-09-2007,15608.5,15661.44043,15486.80957,15505.36035,15505.36035,13200
13-09-2007,15547.66016,15650.13965,15547.66016,15614.44043,15614.44043,13400
14-09-2007,15713.66016,15824.65039,15568.36035,15603.79981,15603.79981,13400
17-09-2007,15664.74023,15726.05957,15467.45996,15504.42969,15504.42969,9400
18-09-2007,15547.07031,15691.87988,15468.79981,15669.12012,15669.12012,12200
19-09-2007,15940.79004,16335.29981,15940.79004,16322.75,16322.75,22800
20-09-2007,16341.54981,16415.88086,16261.36035,16347.9502,16347.9502,21600
21-09-2007,16352.32031,16616.83984,16308.08984,16564.23047,16564.23047,92400
24-09-2007,16697.89063,16869.64063,16599.66016,16845.83008,16845.83008,21200
25-09-2007,16890.75,16928.01953,16676.98047,16899.53906,16899.53906,18800
26-09-2007,16969.44922,17073.86914,16887.07031,16921.39063,16921.39063,16400
27-09-2007,17059.60938,17188.40039,17018.56055,17150.56055,17150.56055,19000
28-09-2007,17152.31055,17361.4707,17152.31055,17291.09961,17291.09961,22600
01-10-2007,17356.99023,17425.33984,17144.58008,17328.61914,17328.61914,22200
03-10-2007,17467.41016,17953.07031,17288.41016,17847.03906,17847.03906,32800
04-10-2007,17799.63086,17890.49023,17494.69922,17777.14063,17777.14063,20800
05-10-2007,17831.67969,17979.17969,17708.80078,17773.35938,17773.35938,20000
08-10-2007,17901.93945,17982.58984,17322.14063,17491.39063,17491.39063,20400
09-10-2007,17402.24023,18327.41992,17287.18945,18280.24023,18280.24023,25600
10-10-2007,18473.42969,18703.66992,18436.99023,18658.25,18658.25,26000
11-10-2007,18696.61914,18832.65039,18536.9707,18814.07031,18814.07031,35400
12-10-2007,18794.63086,18844.61914,18336,18419.03906,18419.03906,30000
15-10-2007,18525.60938,19095.75,18525.60938,19058.66992,19058.66992,22800
16-10-2007,19102.92969,19174.44922,18777.75,19051.85938,19051.85938,27400
17-10-2007,18037.90039,18841.28906,17307.90039,18715.82031,18715.82031,36800
18-10-2007,18827.46094,19198.66016,17771.16016,17998.39063,17998.39063,41600
19-10-2007,18031.76953,18031.76953,17226.17969,17559.98047,17559.98047,35400
22-10-2007,17259.65039,17704.83008,17171.44922,17613.99023,17613.99023,78400
23-10-2007,17910.30078,18542.41016,17910.30078,18492.83984,18492.83984,21600
24-10-2007,18727.90039,18832.49023,18317.16992,18512.91016,18512.91016,25200
25-10-2007,18519.23047,18900.09961,18459.50977,18770.89063,18770.89063,23200
26-10-2007,18823.66016,19276.44922,18629.5293,19243.16992,19243.16992,23200
29-10-2007,19621.39063,20024.86914,19621.39063,19977.66992,19977.66992,20600
30-10-2007,20103.43945,20238.16016,19694.84961,19783.50977,19783.50977,20600
31-10-2007,19827.40039,19984.13086,19735.21094,19837.99023,19837.99023,31000
01-11-2007,20130.23047,20204.21094,19634.4707,19724.34961,19724.34961,26000
02-11-2007,19364.60938,20025.63086,19255.76953,19976.23047,19976.23047,19200
05-11-2007,20009.34961,20009.34961,19502.44922,19590.7793,19590.7793,19000
06-11-2007,19689.78906,19919.33984,19337.84961,19400.66992,19400.66992,18000
07-11-2007,19552.5293,19678.5,19249.4707,19289.83008,19289.83008,13600
08-11-2007,19110.40039,19209.91016,18917.40039,19058.92969,19058.92969,16400
12-11-2007,18640.51953,18815.10938,18333.21094,18737.26953,18737.26953,22800
13-11-2007,18681.09961,19210.48047,18636.21094,19035.48047,19035.48047,23200
14-11-2007,19336.96094,19987.71094,19336.96094,19929.06055,19929.06055,20800
15-11-2007,19947.7207,19967.08008,19723.19922,19784.89063,19784.89063,19200
16-11-2007,19603.08984,19838.0293,19472.50977,19698.35938,19698.35938,19000
19-11-2007,19895.49023,19971.43945,19583.9707,19633.35938,19633.35938,12600
20-11-2007,19510.93945,19714.2207,19196.41992,19280.80078,19280.80078,14400
21-11-2007,19197.57031,19218.88086,18515.30078,18602.61914,18602.61914,16600
22-11-2007,18724.10938,18744.55078,18182.83008,18526.32031,18526.32031,19800
23-11-2007,18737.2207,18910.46094,18548.06055,18852.86914,18852.86914,14000
26-11-2007,19171.25,19360.23047,19137.66016,19247.53906,19247.53906,11400
27-11-2007,19128.85938,19211.58008,19019.33008,19127.73047,19127.73047,8800
28-11-2007,19316.75977,19316.75977,18884.19922,18938.86914,18938.86914,11000
29-11-2007,19290.66992,19297.00977,18930.31055,19003.25977,19003.25977,13400
30-11-2007,19136.11914,19424.99023,19006.89063,19363.18945,19363.18945,13800
03-12-2007,19547.08984,19619.43945,19446.67969,19603.41016,19603.41016,12800
04-12-2007,19707.58984,19707.85938,19482.33984,19529.5,19529.5,14400
05-12-2007,19628.84961,19790.91992,19560.67969,19738.07031,19738.07031,14600
06-12-2007,20018.16992,20064.31055,19716.57031,19795.86914,19795.86914,14800
07-12-2007,20063.5,20094.56055,19706.42969,19966,19966,14800
10-12-2007,20074.91992,20095.68945,19834.00977,19930.67969,19930.67969,10200
11-12-2007,20049.34961,20333.06055,20019.33984,20290.89063,20290.89063,11600
12-12-2007,20197.43945,20419.10938,20045.41992,20375.86914,20375.86914,14800
13-12-2007,20498.10938,20498.10938,20065.63086,20104.39063,20104.39063,17000
14-12-2007,20108.08984,20171.57031,19936.49023,20030.83008,20030.83008,14800
17-12-2007,20032.66992,20032.66992,19177.18945,19261.34961,19261.34961,15400
18-12-2007,19339.14063,19375.07031,19009.34961,19079.64063,19079.64063,15200
19-12-2007,19255.39063,19397.75977,18886.40039,19091.96094,19091.96094,12600
20-12-2007,19210.2207,19291.14063,19097.69922,19162.57031,19162.57031,11400
24-12-2007,19308.19922,19879,19308.19922,19854.11914,19854.11914,12200
26-12-2007,19940.96094,20211.4707,19896.60938,20192.51953,20192.51953,12000
27-12-2007,20301.05078,20323.75977,20159.73047,20216.7207,20216.7207,13200
28-12-2007,20158.11914,20259.44922,20022.88086,20206.94922,20206.94922,10600
31-12-2007,20323.2793,20484.2793,20239.63086,20286.99023,20286.99023,10400
01-01-2008,null,null,null,null,null,null
02-01-2008,20393.09961,20529.48047,20077.40039,20465.30078,20465.30078,20600
03-01-2008,20383.0293,20519.69922,20293.86914,20345.19922,20345.19922,20600
04-01-2008,20367.93945,20762.80078,20367.93945,20686.89063,20686.89063,18600
07-01-2008,20637.21094,20861.83008,20438.18945,20812.65039,20812.65039,17600
08-01-2008,20970.07031,21077.5293,20696.59961,20873.33008,20873.33008,22800
09-01-2008,20903,21113.13086,20701.49023,20869.7793,20869.7793,22200
10-01-2008,20930.2793,21206.76953,20530.07031,20582.08008,20582.08008,21200
11-01-2008,20702.93945,20894.78906,20505.81055,20827.44922,20827.44922,18200
14-01-2008,20918.23047,20959.2207,20661.90039,20728.05078,20728.05078,16800
15-01-2008,20836.4707,20872.92969,20203.63086,20251.08984,20251.08984,19400
16-01-2008,20079.89063,20079.89063,19513.25,19868.10938,19868.10938,24600
17-01-2008,19972.75,20026.11914,19643.75977,19700.82031,19700.82031,20200
18-01-2008,19579.60938,19715.7793,18930.41992,19013.69922,19013.69922,28000
21-01-2008,18919.57031,18919.57031,16951.5,17605.34961,17605.34961,35800
22-01-2008,16884.08984,17068.57031,15332.41992,16729.93945,16729.93945,30600
23-01-2008,17520.01953,17997.10938,16951.0293,17594.07031,17594.07031,22000
24-01-2008,17920.98047,18185.09961,17070.05078,17221.74023,17221.74023,22800
25-01-2008,17504,18406.25,17504,18361.66016,18361.66016,15200
28-01-2008,18011.89063,18213.21094,17443.28906,18152.7793,18152.7793,12400
29-01-2008,18346.49023,18491.06055,17927.91992,18091.93945,18091.93945,14800
30-01-2008,18120.2207,18129.17969,17683.50977,17758.64063,17758.64063,13400
31-01-2008,17810.13086,18008.71094,17417.63086,17648.71094,17648.71094,16800
01-02-2008,17820.66992,18312.40039,17534.96094,18242.58008,18242.58008,14800
04-02-2008,18496.0293,18895.33984,18447.25,18660.32031,18660.32031,17400
05-02-2008,18592.58008,18729.83008,18509.53906,18663.16016,18663.16016,19000
06-02-2008,18247.0293,18274.15039,17936.00977,18139.49023,18139.49023,16400
07-02-2008,18198.67969,18198.67969,17492.2793,17526.92969,17526.92969,17400
08-02-2008,17610.07031,17688.73047,17203.06055,17464.89063,17464.89063,19200
11-02-2008,17427.33984,17427.33984,16457.74023,16630.91016,16630.91016,20000
12-02-2008,16812.63086,16966.7207,16565.48047,16608.00977,16608.00977,14400
13-02-2008,16816.93945,17141.06055,16725.67969,16949.14063,16949.14063,14200
14-02-2008,17265.18945,17836.64063,17265.18945,17766.63086,17766.63086,14400
15-02-2008,17541.16992,18142.91992,17445.05078,18115.25,18115.25,17400
18-02-2008,18228.21094,18256.82031,17900.96094,18048.05078,18048.05078,11800
19-02-2008,18215.25977,18314.09961,18018.48047,18075.66016,18075.66016,12800
20-02-2008,17991.28906,17991.28906,17505.56055,17617.59961,17617.59961,12800
21-02-2008,17825.2207,17887.21094,17482.31055,17734.67969,17734.67969,15800
22-02-2008,17503.03906,17526.80078,17347.25977,17349.07031,17349.07031,9800
25-02-2008,17523.81055,17674.06055,17137.99023,17650.57031,17650.57031,13200
26-02-2008,17799.56055,17860.09961,17678.74023,17806.18945,17806.18945,11000
27-02-2008,17983.41992,18137.2793,17770.65039,17825.99023,17825.99023,13000
28-02-2008,17810.51953,17921.50977,17690.16016,17824.48047,17824.48047,18200
29-02-2008,17779.53906,17779.53906,17258.19922,17578.7207,17578.7207,23000
03-03-2008,17227.56055,17227.56055,16634.63086,16677.88086,16677.88086,21800
04-03-2008,16742.19922,16754.06055,16164.57031,16339.88965,16339.88965,20600
05-03-2008,16328.91016,16595.64063,16253.01953,16542.08008,16542.08008,21600
07-03-2008,16211.95996,16211.95996,15689.91992,15975.51953,15975.51953,24400
10-03-2008,15684.24023,15998.33008,15362.16992,15923.71973,15923.71973,21800
11-03-2008,15778.26953,16168.12988,15739.04004,16123.15039,16123.15039,22400
12-03-2008,16541.14063,16683.36914,16064.08984,16127.98047,16127.98047,23000
13-03-2008,15873.28027,15873.28027,15228.99023,15357.34961,15357.34961,21200
14-03-2008,15467.38965,15798.41992,15331.34961,15760.51953,15760.51953,23800
17-03-2008,15326.92969,15326.92969,14739.71973,14809.49023,14809.49023,22600
18-03-2008,14725.67969,15164.73047,14677.24023,14833.45996,14833.45996,47600
19-03-2008,15325.79004,15465.80957,14930.08008,14994.83008,14994.83008,28200
24-03-2008,15093.76953,15351.30957,15056.08984,15289.40039,15289.40039,20200
25-03-2008,15612.61035,16262.37988,15612.61035,16217.49023,16217.49023,29400
26-03-2008,16270.12012,16309.87988,16009.87012,16086.83008,16086.83008,24600
27-03-2008,15950.29004,16111.44043,15869.08984,16015.55957,16015.55957,24200
28-03-2008,16100.25977,16452.08008,15884.4502,16371.29004,16371.29004,23800
31-03-2008,16226.66016,16226.66016,15563.15039,15644.44043,15644.44043,23200
01-04-2008,15771.71973,15834.04981,15297.95996,15626.62012,15626.62012,15300
02-04-2008,16023.29981,16236.7002,15719.46973,15750.40039,15750.40039,16800
03-04-2008,15805.62988,16002.73047,15699.20996,15832.54981,15832.54981,15600
04-04-2008,15896.08984,15896.08984,15303.04004,15343.12012,15343.12012,19000
07-04-2008,15390.15039,15851.87988,15321.55957,15757.08008,15757.08008,19800
08-04-2008,15770.16016,15770.40039,15479.41992,15587.62012,15587.62012,18400
09-04-2008,15512.7002,15829.58984,15464.71973,15790.50977,15790.50977,16400
10-04-2008,15754.87012,15953.54004,15655.2002,15695.09961,15695.09961,22000
11-04-2008,15840.55957,15957.24023,15673.66992,15807.63965,15807.63965,19600
15-04-2008,15694.41016,16249.45996,15573.03027,16153.66016,16153.66016,22400
16-04-2008,16288.75977,16413.80078,16198.55957,16244.19043,16244.19043,22000
17-04-2008,16456.03906,16570.57031,16397.16992,16481.19922,16481.19922,17800
21-04-2008,16611.41016,16778.58984,16611.41016,16739.33008,16739.33008,20200
22-04-2008,16686.55078,16853.96094,16597.5293,16783.86914,16783.86914,21400
23-04-2008,16823.99023,16871.26953,16589.44922,16698.03906,16698.03906,17000
24-04-2008,16796.25977,16844.01953,16668.59961,16721.08008,16721.08008,19000
25-04-2008,16781.9707,17150.91992,16781.9707,17125.98047,17125.98047,21600
28-04-2008,17251.56055,17271.56055,16978.89063,17015.96094,17015.96094,19200
29-04-2008,17050.86914,17424.93945,17011.59961,17378.46094,17378.46094,27600
30-04-2008,17479.00977,17480.74023,17241.88086,17287.31055,17287.31055,26200
02-05-2008,17560.15039,17621.24023,17445.92969,17600.11914,17600.11914,24600
05-05-2008,17687,17735.69922,17457.26953,17490.90039,17490.90039,20200
06-05-2008,17441.41016,17502.15039,17237.67969,17373.00977,17373.00977,23200
07-05-2008,17404.15039,17413.81055,17229.98047,17339.31055,17339.31055,21200
08-05-2008,17212.60938,17212.60938,17038.0293,17080.65039,17080.65039,18200
09-05-2008,17020.78906,17125.94922,16678.93945,16737.07031,16737.07031,18600
12-05-2008,16641.44922,16897.35938,16546.55078,16860.90039,16860.90039,18000
13-05-2008,17008.0293,17085.63086,16697.4707,16752.85938,16752.85938,17000
14-05-2008,16691.30078,17014.93945,16626.34961,16978.34961,16978.34961,19000
15-05-2008,17084.89063,17366.18945,17079.93945,17353.53906,17353.53906,25000
16-05-2008,17476.41016,17497.35938,17315.51953,17434.93945,17434.93945,17000
20-05-2008,17366.05078,17367.13086,17136.25977,17230.17969,17230.17969,16600
21-05-2008,17065.60938,17293.33984,17041.63086,17243.16016,17243.16016,19600
22-05-2008,17104.58984,17104.58984,16863.38086,16907.10938,16907.10938,16800
23-05-2008,16958.80078,17054.33984,16626.10938,16649.64063,16649.64063,17600
26-05-2008,16468.32031,16498.24023,16300.87988,16348.5,16348.5,15800
27-05-2008,16454.75,16506.34961,16237.91992,16275.58984,16275.58984,16200
28-05-2008,16358.62012,16563.30078,16217.78027,16525.36914,16525.36914,21600
29-05-2008,16666.0293,16666.0293,16196.01953,16316.25977,16316.25977,20000
30-05-2008,16454.0293,16540.49023,16314.99023,16415.57031,16415.57031,18400
02-06-2008,16591.46094,16632.7207,15991.20996,16063.17969,16063.17969,17600
03-06-2008,15851.71973,15985.40039,15709.50977,15962.55957,15962.55957,20200
04-06-2008,15992.90039,15992.90039,15442.33984,15514.79004,15514.79004,23800
05-06-2008,15479.65039,15814.79981,15314.01953,15769.71973,15769.71973,28600
06-06-2008,15914.41016,15970.7002,15526.5,15572.17969,15572.17969,19600
09-06-2008,15115.96973,15202.74023,14846.17969,15066.09961,15066.09961,24400
10-06-2008,14979.95996,15088.03027,14645.30957,14889.25,14889.25,26400
11-06-2008,15018.67969,15225.80957,15009.48047,15185.32031,15185.32031,34600
12-06-2008,14957.53027,15270.84961,14748.07031,15250.2002,15250.2002,25000
13-06-2008,15327.09961,15337.09961,15135.80957,15189.62012,15189.62012,20200
16-06-2008,15400.57031,15553.37012,15340.33984,15395.82031,15395.82031,15200
17-06-2008,15388.36035,15732.75,15358.75,15696.90039,15696.90039,18200
18-06-2008,15744.20996,15789.62012,15390.21973,15422.30957,15422.30957,22000
19-06-2008,15250.46973,15259.36035,15051.66016,15087.99023,15087.99023,18600
20-06-2008,15194.73047,15194.73047,14520.87988,14571.29004,14571.29004,26000
23-06-2008,14423.04981,14509.69043,14163.4502,14293.32031,14293.32031,24600
24-06-2008,14290.16016,14432.90039,13991.30957,14106.58008,14106.58008,24800
25-06-2008,13776.20996,14247.16016,13736.00977,14220.07031,14220.07031,23000
26-06-2008,14300.71973,14449.80957,14196.67969,14421.82031,14421.82031,21800
27-06-2008,14127.75977,14127.75977,13760.78027,13802.21973,13802.21973,32200
30-06-2008,13791.01953,13872.05957,13405.54004,13461.59961,13461.59961,22400
01-07-2008,13480.01953,13613.00977,12904.08984,12961.67969,12961.67969,27600
02-07-2008,12948.04981,13711.00977,12822.75,13664.62012,13664.62012,32000
03-07-2008,13458.29981,13458.29981,12934.91992,13094.11035,13094.11035,29200
04-07-2008,13097.00977,13508.37988,13031.42969,13454,13454,31400
07-07-2008,13561.91992,13793.38965,13476.29004,13525.99023,13525.99023,21200
08-07-2008,13226.04004,13451.66992,13049.95996,13349.65039,13349.65039,25400
09-07-2008,13581.41016,13998.48047,13581.41016,13964.25977,13964.25977,27600
10-07-2008,13851.58984,14046.58984,13763.94043,13926.24023,13926.24023,26400
11-07-2008,14063.4502,14063.4502,13351.33984,13469.84961,13469.84961,29000
14-07-2008,13333.03027,13557.20996,13270.40039,13330.50977,13330.50977,23600
15-07-2008,13067.08008,13067.08008,12607.62012,12676.19043,12676.19043,30000
16-07-2008,12759.75977,12935.25,12514.99023,12575.79981,12575.79981,31200
17-07-2008,12909.57031,13150.34961,12843.79004,13111.84961,13111.84961,33600
18-07-2008,13234.53027,13684.26953,13093.33984,13635.40039,13635.40039,36600
21-07-2008,13782.12988,13878.87988,13581.19043,13850.04004,13850.04004,32400
22-07-2008,13837.63965,14206.12988,13798.17969,14104.2002,14104.2002,35600
23-07-2008,14568.21973,14979.90039,14568.21973,14942.28027,14942.28027,39000
24-07-2008,15082.37012,15130.08984,14608.04981,14777.00977,14777.00977,31200
25-07-2008,14451.9502,14484.38965,14210.62988,14274.94043,14274.94043,27800
28-07-2008,14267.03027,14421.61035,14219.37988,14349.11035,14349.11035,21800
29-07-2008,14085.53027,14153.12012,13727.13965,13791.54004,13791.54004,23600
30-07-2008,14007.32031,14322.66992,14002.19043,14287.20996,14287.20996,26000
31-07-2008,14359.48047,14369.41992,14161.75977,14355.75,14355.75,27800
01-08-2008,14064.25977,14682.33008,14032.87012,14656.69043,14656.69043,40200
04-08-2008,14594.63965,14725.94043,14503.50977,14577.87012,14577.87012,24800
05-08-2008,14562.67969,14986.62988,14529.20996,14961.07031,14961.07031,35600
06-08-2008,15263.65039,15422.82031,15035.59961,15073.54004,15073.54004,32600
07-08-2008,15031.86035,15280.05957,14992.96973,15117.25,15117.25,25800
08-08-2008,15036.57031,15228.82031,14888.12012,15167.82031,15167.82031,21000
11-08-2008,15430.30957,15520.70996,15367.96973,15503.91992,15503.91992,26200
12-08-2008,15577.2002,15579.78027,15124.91016,15212.12988,15212.12988,27000
13-08-2008,15030.20996,15272.55957,15013.05957,15093.12012,15093.12012,19200
14-08-2008,15017.67969,15033.28027,14686.66016,14724.17969,14724.17969,22000
18-08-2008,14681.13965,14824.91992,14600.65039,14645.66016,14645.66016,19600
19-08-2008,14517.75977,14604.11035,14368.71973,14543.73047,14543.73047,17600
20-08-2008,14610.57031,14746.2002,14584.03027,14678.23047,14678.23047,18400
21-08-2008,14646.98047,14646.98047,14201.17969,14243.73047,14243.73047,19400
22-08-2008,14153.38965,14428.51953,14136.86035,14401.49023,14401.49023,20400
25-08-2008,14643.37012,14672.69043,14416.2002,14450.34961,14450.34961,17000
26-08-2008,14338.26953,14495.26953,14286.37988,14482.21973,14482.21973,18800
27-08-2008,14563.09961,14563.09961,14261.69043,14296.79004,14296.79004,15600
28-08-2008,14289.96973,14347.19043,14002.42969,14048.33984,14048.33984,18800
29-08-2008,14279.01953,14586.16016,14279.01953,14564.53027,14564.53027,32400
01-09-2008,14412.99023,14547.41016,14281.09961,14498.50977,14498.50977,14800
02-09-2008,14609.44043,15106.15039,14543.20996,15049.86035,15049.86035,25700
04-09-2008,14895.84961,14994.15039,14766.00977,14899.09961,14899.09961,19800
05-09-2008,14569.00977,14601.38965,14438.58984,14483.83008,14483.83008,23200
08-09-2008,15038.05957,15107.00977,14917.05957,14944.96973,14944.96973,23400
09-09-2008,14814.33008,14998.32031,14714.91992,14900.75977,14900.75977,19800
10-09-2008,14717.53027,14866.32031,14609.83008,14662.61035,14662.61035,22800
11-09-2008,14557.33008,14557.33008,14265.37988,14324.29004,14324.29004,22800
12-09-2008,14433.2002,14433.2002,13933.87012,14000.80957,14000.80957,26800
15-09-2008,13592.04981,13592.04981,13150.80957,13531.26953,13531.26953,24000
16-09-2008,13051.73047,13556.03027,13051.73047,13518.79981,13518.79981,33600
17-09-2008,13620.74023,13620.74023,13127.95996,13262.90039,13262.90039,30400
18-09-2008,12712.82031,13346.79004,12558.13965,13315.59961,13315.59961,48000
19-09-2008,13763.83008,14097.44043,13674.95996,14042.32031,14042.32031,47400
22-09-2008,14215.33008,14215.33008,13917.48047,13994.95996,13994.95996,35800
23-09-2008,13721.41992,13978.25977,13543.46973,13570.30957,13570.30957,29600
24-09-2008,13636.70996,13840.80957,13592.79004,13692.51953,13692.51953,40200
25-09-2008,13716.87988,13716.87988,13430.67969,13547.17969,13547.17969,36600
26-09-2008,13486.2002,13486.2002,13054.41992,13102.17969,13102.17969,29000
29-09-2008,13109.95996,13109.95996,12402.83984,12595.75,12595.75,37000
30-09-2008,12178.17969,12995.2002,12153.54981,12860.42969,12860.42969,38400
01-10-2008,13006.71973,13203.86035,12697.29981,13055.66992,13055.66992,32400
03-10-2008,12851.46973,13001.19043,12472.61035,12526.32031,12526.32031,37200
06-10-2008,12284.49023,12284.49023,11732.96973,11801.7002,11801.7002,33000
07-10-2008,12068.11035,12181.08008,11501.84961,11695.24023,11695.24023,40400
08-10-2008,11316.24023,11405.73047,10740.75977,11328.36035,11328.36035,66200
10-10-2008,10632.26953,10904.12988,10239.75977,10527.84961,10527.84961,62400
13-10-2008,10817.67969,11361.32031,10817.67969,11309.08984,11309.08984,43800
14-10-2008,11781.42969,11870.21973,11410.49023,11483.40039,11483.40039,36000
15-10-2008,11245.26953,11257.15039,10760.33008,10809.12012,10809.12012,34800
16-10-2008,10221.53027,10787.2002,10017.79981,10581.49023,10581.49023,51600
17-10-2008,10763.33984,10786.92969,9911.320313,9975.349609,9975.349609,47400
20-10-2008,10160.46973,10538.04981,10023.28027,10223.08984,10223.08984,35400
21-10-2008,10428.11035,10750.2002,10250.23047,10683.38965,10683.38965,45800
22-10-2008,10455.23047,10484.84961,10128.21973,10169.90039,10169.90039,33400
23-10-2008,9683.259766,10260.54981,9682.400391,9771.700195,9771.700195,41000
24-10-2008,9497.480469,9570.709961,8566.820313,8701.070313,8701.070313,63600
27-10-2008,8588.860352,8739.480469,7697.390137,8509.55957,8509.55957,55400
29-10-2008,9297.759766,9297.759766,8894.339844,9044.509766,9044.509766,55000
31-10-2008,9361.660156,9870.419922,9361.660156,9788.05957,9788.05957,57200
03-11-2008,10209.37012,10373.16992,10112.66016,10337.67969,10337.67969,44800
04-11-2008,10304.57031,10668.48047,10116.21973,10631.12012,10631.12012,51000
05-11-2008,10931.16992,10945.41016,10051.51953,10120.00977,10120.00977,53400
06-11-2008,9755.030273,10109.4502,9635.219727,9734.219727,9734.219727,49400
07-11-2008,9631.589844,10065.37012,9631.589844,9964.290039,9964.290039,42000
10-11-2008,10154.55957,10570.58008,10095.90039,10536.16016,10536.16016,45400
11-11-2008,10386.4502,10397.36035,9800.669922,9839.69043,9839.69043,63600
12-11-2008,9683.75,9928.599609,9376.730469,9536.330078,9536.330078,52400
14-11-2008,9784.849609,9826.25,9267.490234,9385.419922,9385.419922,46200
17-11-2008,9396.929688,9424.25,8956.679688,9291.009766,9291.009766,41800
18-11-2008,9084.120117,9169.049805,8871.709961,8937.200195,8937.200195,41000
19-11-2008,8970.669922,9236.269531,8726.799805,8773.780273,8773.780273,42600
20-11-2008,8400.879883,8540.459961,8316.389648,8451.009766,8451.009766,40000
21-11-2008,8481.019531,8988.030273,8442.30957,8915.209961,8915.209961,59200
24-11-2008,8840.530273,9042.019531,8701.929688,8903.120117,8903.120117,43800
25-11-2008,9170.280273,9182.799805,8649.400391,8695.530273,8695.530273,41600
26-11-2008,8806.019531,9061.719727,8658.530273,9026.719727,9026.719727,44600
27-11-2008,null,null,null,null,null,null
28-11-2008,8889.179688,9157.620117,8889.179688,9092.719727,9092.719727,34000
01-12-2008,9162.94043,9326.679688,8803.339844,8839.870117,8839.870117,45200
02-12-2008,8535.830078,8785.040039,8467.429688,8739.240234,8739.240234,41000
03-12-2008,8851.219727,8854.80957,8601.410156,8747.429688,8747.429688,52400
04-12-2008,8779.019531,9245.05957,8726.709961,9229.75,9229.75,55200
05-12-2008,9172.580078,9340.69043,8914.379883,8965.200195,8965.200195,53000
08-12-2008,9276.889648,9432.110352,9095.700195,9162.620117,9162.620117,50200
10-12-2008,9349.530273,9678.700195,9280.160156,9654.900391,9654.900391,65000
11-12-2008,9679.320313,9746.009766,9441.969727,9645.459961,9645.459961,68800
12-12-2008,9370.870117,9745.509766,9281.889648,9690.070313,9690.070313,6400
15-12-2008,9821.849609,9948.330078,9749.290039,9832.389648,9832.389648,47000
16-12-2008,9794.480469,10009.20996,9790.30957,9976.980469,9976.980469,41000
17-12-2008,10073.09961,10073.09961,9682.910156,9715.290039,9715.290039,75800
18-12-2008,9710.200195,10110.33984,9633.040039,10076.42969,10076.42969,69200
19-12-2008,10001.33008,10188.54004,9987.419922,10099.91016,10099.91016,59600
22-12-2008,10102.41992,10173.33984,9895.549805,9928.349609,9928.349609,39000
23-12-2008,9813.200195,9838.379883,9643.55957,9686.75,9686.75,52600
24-12-2008,9626.070313,9653.419922,9502.530273,9568.719727,9568.719727,68800
26-12-2008,9655.070313,9706.379883,9294.980469,9328.919922,9328.919922,43000
29-12-2008,9318.860352,9550.400391,9162.660156,9533.519531,9533.519531,65800
30-12-2008,9625.129883,9785.040039,9494.700195,9716.160156,9716.160156,56600
31-12-2008,9806.639648,9825.900391,9587.919922,9647.30957,9647.30957,63800
02-01-2009,9973.05957,10070.28027,9863.860352,9958.219727,9958.219727,51600
05-01-2009,10124.91992,10306.16992,10069.11035,10275.59961,10275.59961,51200
06-01-2009,10241.50977,10392.12012,10150.67969,10335.92969,10335.92969,55600
07-01-2009,10424.95996,10469.71973,9510.150391,9586.879883,9586.879883,217600
09-01-2009,9434.849609,9630.400391,9250.820313,9406.469727,9406.469727,158200
12-01-2009,9306.740234,9327.299805,9024.450195,9110.049805,9110.049805,98000
13-01-2009,9042.360352,9261,8992.919922,9071.360352,9071.360352,45200
14-01-2009,9223.160156,9412.969727,9071.360352,9370.490234,9370.490234,32000
15-01-2009,9000.620117,9123.780273,8946.620117,9046.740234,9046.740234,37600
16-01-2009,9125.650391,9342.469727,9125.650391,9323.589844,9323.589844,35400
19-01-2009,9365.040039,9409.509766,9273.469727,9329.570313,9329.570313,30000
20-01-2009,9159.759766,9159.759766,9033.549805,9100.549805,9100.549805,31200
21-01-2009,8900.780273,9051.30957,8734.929688,8779.169922,8779.169922,32400
22-01-2009,8905.969727,8927.69043,8699.320313,8813.839844,8813.839844,39200
23-01-2009,8804.150391,8858.839844,8631.599609,8674.349609,8674.349609,44000
27-01-2009,8803.070313,9021.969727,8791.580078,9004.080078,9004.080078,34200
28-01-2009,9077.650391,9270.75,9053.799805,9257.469727,9257.469727,39800
29-01-2009,9340.589844,9379.679688,9164.959961,9236.280273,9236.280273,38800
30-01-2009,9111.120117,9438.30957,9088.150391,9424.240234,9424.240234,48000
02-02-2009,9363.580078,9363.580078,9048.969727,9066.700195,9066.700195,39800
03-02-2009,9128.990234,9302.25,9040.55957,9149.299805,9149.299805,46000
04-02-2009,9226.200195,9338.209961,9164.160156,9201.849609,9201.849609,41600
05-02-2009,9241.55957,9247.089844,9017.080078,9090.879883,9090.879883,29600
06-02-2009,9161.490234,9321.379883,9160.830078,9300.860352,9300.860352,28400
09-02-2009,9359,9601.55957,9329.299805,9583.889648,9583.889648,20000
10-02-2009,9589.950195,9724.870117,9510.629883,9647.469727,9647.469727,45000
11-02-2009,9462.139648,9648.389648,9459.589844,9618.540039,9618.540039,37600
12-02-2009,9559.030273,9578.990234,9445.540039,9465.830078,9465.830078,33800
13-02-2009,9540.599609,9695.589844,9540.599609,9634.740234,9634.740234,30000
16-02-2009,9637.040039,9637.040039,9279.099609,9305.450195,9305.450195,37200
17-02-2009,9213.400391,9213.400391,8994.339844,9035,9035,28400
18-02-2009,8939.379883,9112.990234,8929.620117,9015.179688,9015.179688,36800
19-02-2009,9034.900391,9111.269531,8977.799805,9042.629883,9042.629883,27400
20-02-2009,8943.780273,8943.780273,8762.580078,8843.209961,8843.209961,28000
24-02-2009,8707.349609,8856.519531,8619.219727,8822.05957,8822.05957,32400
25-02-2009,8913.44043,8995.040039,8880.150391,8902.55957,8902.55957,32200
26-02-2009,8905.55957,8998.30957,8788.94043,8954.860352,8954.860352,37200
27-02-2009,8944.110352,8944.110352,8728.660156,8891.610352,8891.610352,42200
02-03-2009,8762.879883,8762.879883,8563.519531,8607.080078,8607.080078,30200
03-03-2009,8583.05957,8635.200195,8393.049805,8427.290039,8427.290039,35200
04-03-2009,8473.25,8501.459961,8373.240234,8446.490234,8446.490234,40600
05-03-2009,8535.030273,8535.030273,8167.75,8197.919922,8197.919922,51400
06-03-2009,8103.75,8347.099609,8047.169922,8325.820313,8325.820313,52200
09-03-2009,8259.219727,8259.219727,8110.100098,8160.399902,8160.399902,26400
12-03-2009,8274.780273,8439.259766,8274.780273,8343.75,8343.75,36200
13-03-2009,8480.740234,8793.209961,8480.740234,8756.610352,8756.610352,49400
16-03-2009,8793.889648,8955.730469,8697.459961,8943.540039,8943.540039,49400
17-03-2009,8942.009766,9024.120117,8801.790039,8863.820313,8863.820313,47200
18-03-2009,8956.299805,9120.400391,8951.320313,8976.679688,8976.679688,45600
19-03-2009,9023.040039,9086.769531,8900.389648,9001.75,9001.75,36000
20-03-2009,8951.339844,8999.980469,8867.129883,8966.679688,8966.679688,32800
23-03-2009,9040.299805,9454.69043,9040.299805,9424.019531,9424.019531,43200
24-03-2009,9549.519531,9699,9402.639648,9471.040039,9471.040039,50000
25-03-2009,9442.299805,9704.69043,9430.450195,9667.900391,9667.900391,49400
26-03-2009,9739.929688,10061.36035,9739.929688,10003.09961,10003.09961,45200
27-03-2009,10036.79981,10127.08984,9913.400391,10048.49023,10048.49023,52800
30-03-2009,9902.349609,9902.349609,9521.759766,9568.139648,9568.139648,41400
31-03-2009,9633.209961,9826.219727,9547.209961,9708.5,9708.5,53000
01-04-2009,9745.769531,9921.959961,9546.290039,9901.990234,9901.990234,45800
02-04-2009,10107.25,10431.98047,10107.25,10348.83008,10348.83008,64600
06-04-2009,10521.78027,10654.88965,10410.44043,10534.87012,10534.87012,53800
08-04-2009,10283.58008,10778.11035,10173,10742.33984,10742.33984,56400
09-04-2009,10876.15039,10929.33008,10655.95996,10803.86035,10803.86035,58400
13-04-2009,10916.42969,11069.54004,10800.83984,10967.21973,10967.21973,43000
15-04-2009,10805.13965,11337.75,10719.17969,11284.73047,11284.73047,70200
16-04-2009,11358.05957,11362.30957,10900.46973,10947.40039,10947.40039,60200
17-04-2009,11067.70996,11339.46973,10946.25,11023.08984,11023.08984,53600
20-04-2009,11065.09961,11209.66016,10863.28027,10979.5,10979.5,43200
21-04-2009,10765.38965,11068.82031,10764.08008,10898.11035,10898.11035,45000
22-04-2009,10968.59961,11036.24023,10715.66016,10817.54004,10817.54004,39000
23-04-2009,10841.57031,11200.86035,10758.96973,11134.99023,11134.99023,41800
24-04-2009,11149.46973,11362.87988,11070.33008,11329.04981,11329.04981,44600
27-04-2009,11237.41992,11492.09961,11176.54981,11371.84961,11371.84961,52400
28-04-2009,11371.33984,11371.33984,10961.75977,11001.75,11001.75,47600
29-04-2009,11091.55957,11430.25,11091.55957,11403.25,11403.25,40400
30-04-2009,null,null,null,null,null,null
04-05-2009,11635.24023,12160.32031,11635.24023,12134.75,12134.75,46400
05-05-2009,12159.74023,12197.87988,11985.87988,12131.08008,12131.08008,48400
06-05-2009,12100.69043,12272.04004,11899.41016,11952.75,11952.75,49200
07-05-2009,12064.50977,12143.9502,11981.12988,12116.94043,12116.94043,47800
08-05-2009,12092.96973,12180.07031,11765.05957,11876.42969,11876.42969,55200
11-05-2009,11997.37012,12026.59961,11621.29981,11682.99023,11682.99023,36000
12-05-2009,11629.96973,12194.62988,11625.38965,12158.03027,12158.03027,40000
13-05-2009,12201.92969,12256.42969,11934.44043,12019.65039,12019.65039,217600
14-05-2009,11774.04004,11935.86035,11695.51953,11872.91016,11872.91016,39000
15-05-2009,11948.7002,12218.98047,11948.7002,12173.41992,12173.41992,35000
18-05-2009,13479.38965,14284.20996,13479.38965,14284.20996,14284.20996,800
19-05-2009,14757.82031,14930.54004,13840.83008,14302.03027,14302.03027,89400
20-05-2009,14230.73047,14405.50977,13976.49023,14060.66016,14060.66016,51000
21-05-2009,14043.37988,14089.50977,13704.42969,13736.54004,13736.54004,44800
22-05-2009,13663.54004,13936.92969,13611.29981,13887.15039,13887.15039,39400
25-05-2009,13999.44043,14027.59961,13819.78027,13913.21973,13913.21973,37400
26-05-2009,13983.25977,13991.45996,13524.92969,13589.23047,13589.23047,37800
27-05-2009,13851.84961,14122.78027,13848.15039,14109.63965,14109.63965,47000
28-05-2009,14139.13965,14376.33984,14080.98047,14296.00977,14296.00977,42600
29-05-2009,14384.75977,14726.59961,14384.75977,14625.25,14625.25,45200
01-06-2009,14790.88965,14906.80957,14658.00977,14840.62988,14840.62988,44200
02-06-2009,14942.20996,14994.21973,14608.23047,14874.91016,14874.91016,43800
03-06-2009,14902.62012,15045.87988,14734.90039,14870.90039,14870.90039,43000
04-06-2009,14755.08008,15026.03027,14601.91016,15008.67969,15008.67969,39200
05-06-2009,15040.24023,15257.29981,14994.04981,15103.54981,15103.54981,36800
08-06-2009,15153.20996,15184.87012,14604.23047,14665.91992,14665.91992,31400
09-06-2009,14618.98047,15159.26953,14526.69043,15127,15127,51600
10-06-2009,15168.17969,15580.80957,15168.17969,15466.80957,15466.80957,42400
11-06-2009,15517.36035,15568.74023,15242.19043,15411.46973,15411.46973,42000
12-06-2009,15446.82031,15600.29981,15174.28027,15237.94043,15237.94043,40600
15-06-2009,15195.83008,15261.03027,14808.08984,14875.51953,14875.51953,34600
16-06-2009,14788.26953,15022.19043,14621.96973,14957.91016,14957.91016,32000
17-06-2009,14978.5,14995.66016,14447.92969,14522.83984,14522.83984,35400
18-06-2009,14503.04981,14630.73047,14188.25,14265.53027,14265.53027,75800
19-06-2009,14321.98047,14559.08008,14179.76953,14521.88965,14521.88965,37400
22-06-2009,14591.28027,14668.40039,14269.76953,14326.21973,14326.21973,31600
23-06-2009,14147.87012,14394.19043,14016.9502,14324.00977,14324.00977,35600
24-06-2009,14388.20996,14479.82031,14207.01953,14422.73047,14422.73047,30600
25-06-2009,14476.15039,14578.45996,14261.13965,14345.62012,14345.62012,29600
26-06-2009,14373.57031,14781.94043,14373.57031,14764.63965,14764.63965,32400
29-06-2009,14764.63965,14955.54981,14685.4502,14785.74023,14785.74023,26600
30-06-2009,14785.74023,14907.48047,14420.41016,14493.83984,14493.83984,35200
01-07-2009,14493.83984,14727.49023,14355.51953,14645.46973,14645.46973,28800
02-07-2009,14694.30957,14764.34961,14469.69043,14658.49023,14658.49023,31200
03-07-2009,14552.71973,14945.84961,14499.74023,14913.04981,14913.04981,29000
06-07-2009,14962.12012,15097.87012,13959.44043,14043.40039,14043.40039,43400
07-07-2009,14103.65039,14251.87988,14000.67969,14170.4502,14170.4502,35800
08-07-2009,14039.58008,14039.58008,13701.75977,13769.15039,13769.15039,37600
09-07-2009,13796.19043,13879.17969,13643.96973,13757.45996,13757.45996,28400
10-07-2009,13803.12012,13897.19043,13418.38965,13504.21973,13504.21973,27800
13-07-2009,13405.9502,13461.67969,13219.99023,13400.32031,13400.32031,24600
14-07-2009,13549.41992,13903.48047,13549.41992,13853.7002,13853.7002,23800
15-07-2009,13917.26953,14299.54004,13891.04004,14253.24023,14253.24023,27200
16-07-2009,14351.96973,14493.09961,14169.58008,14250.25,14250.25,35000
17-07-2009,14325.58008,14800.7002,14250.25,14744.91992,14744.91992,37600
20-07-2009,14854.16992,15209.36035,14854.16992,15191.00977,15191.00977,34800
21-07-2009,15218.83008,15234.20996,14955.87988,15062.49023,15062.49023,35000
22-07-2009,15124.91992,15369.41992,14786.58008,14843.12012,14843.12012,41800
23-07-2009,15008.78027,15264.83984,14843.12012,15231.04004,15231.04004,55200
24-07-2009,15272.00977,15418.61035,15168.51953,15378.95996,15378.95996,43200
27-07-2009,15350.88965,15463.08984,15228.45996,15375.04004,15375.04004,36600
28-07-2009,15428.5,15463.45996,15240.53027,15331.94043,15331.94043,40800
29-07-2009,15293.19043,15379.42969,14888.41016,15173.45996,15173.45996,39000
30-07-2009,15169.23047,15409.91016,15065.48047,15387.95996,15387.95996,30400
31-07-2009,15449.46973,15732.80957,15449.46973,15670.30957,15670.30957,34000
03-08-2009,15694.78027,15963.36035,15608.40039,15924.23047,15924.23047,32400
04-08-2009,15940.09961,16002.45996,15699.12988,15830.98047,15830.98047,43400
05-08-2009,15882.38965,15973.09961,15695.11035,15903.83008,15903.83008,29600
06-08-2009,15881.46973,15969.80957,15443.21973,15514.03027,15514.03027,37800
07-08-2009,15440.9502,15501.94043,15104,15160.24023,15160.24023,33200
10-08-2009,15287.13965,15417.33984,14902.01953,15009.76953,15009.76953,37200
11-08-2009,15000.37988,15218.65039,14864.23047,15074.58984,15074.58984,31000
12-08-2009,14953.44043,15043.62012,14701.04981,15020.16016,15020.16016,34000
13-08-2009,15207.95996,15545.12988,15207.95996,15518.49023,15518.49023,28800
14-08-2009,15530.37988,15535.46973,15367.61035,15411.62988,15411.62988,28600
17-08-2009,15284.23047,15411.62988,14740.62988,14784.91992,14784.91992,25600
18-08-2009,14745.79981,15134.50977,14740.25977,15035.25977,15035.25977,29200
19-08-2009,15079.04004,15096.94043,14684.4502,14809.63965,14809.63965,26600
20-08-2009,14930.04981,15145,14928.17969,15012.32031,15012.32031,16800
21-08-2009,14951.49023,15275.16992,14835.08008,15240.83008,15240.83008,21400
24-08-2009,15362.92969,15676.34961,15362.92969,15628.75,15628.75,19800
25-08-2009,15573.91016,15735.32031,15423.38965,15688.46973,15688.46973,29200
26-08-2009,15763.08984,15831.49023,15695.94043,15769.84961,15769.84961,20000
27-08-2009,15711.79981,15853.70996,15685.49023,15781.07031,15781.07031,18600
28-08-2009,15770.19043,15957.66992,15663.34961,15922.33984,15922.33984,30400
31-08-2009,15812.15039,15821.34961,15589.79981,15666.63965,15666.63965,25600
01-09-2009,15691.26953,15923.08984,15475.28027,15551.19043,15551.19043,26800
02-09-2009,15482.04981,15628.09961,15392.67969,15467.45996,15467.45996,23600
03-09-2009,15539.33984,15598.17969,15356.71973,15398.33008,15398.33008,22000
04-09-2009,15425.86035,15740.83008,15358.94043,15689.12012,15689.12012,30800
07-09-2009,15793.26953,16035.5,15793.26953,16016.32031,16016.32031,25000
08-09-2009,16030.55957,16232.16016,16030.55957,16123.66992,16123.66992,35000
09-09-2009,16111.08984,16215.74023,16044.76953,16183.54981,16183.54981,30600
10-09-2009,16295.91992,16434.76953,16166.41992,16216.86035,16216.86035,30000
11-09-2009,16254.57031,16337.98047,16130.32031,16264.29981,16264.29981,28200
14-09-2009,16185.25977,16252.17969,16119.9502,16214.19043,16214.19043,23600
15-09-2009,16255.41992,16477.23047,16255.41992,16454.44922,16454.44922,19600
16-09-2009,16498.58984,16700.56055,16498.58984,16677.03906,16677.03906,30200
17-09-2009,16686.38086,16820.01953,16636.55078,16711.10938,16711.10938,44200
18-09-2009,16650.05078,16765.0293,16610.05078,16741.30078,16741.30078,28000
22-09-2009,16805.2207,16943.49023,16763.7793,16886.42969,16886.42969,22800
23-09-2009,16905.5,16905.58008,16683.7793,16719.5,16719.5,48400
24-09-2009,16634.08008,16834.09961,16494.91992,16781.42969,16781.42969,24600
25-09-2009,16679.99023,16812.01953,16613.2207,16693,16693,20400
29-09-2009,16829.10938,16907.83984,16802.80078,16852.91016,16852.91016,16000
30-09-2009,16868.46094,17142.51953,16868.46094,17126.83984,17126.83984,20600
01-10-2009,17186.19922,17195.60938,17059.35938,17134.55078,17134.55078,28000
05-10-2009,17062.00977,17062.00977,16835.80078,16866.41016,16866.41016,24800
06-10-2009,16879.38086,16988.56055,16622.05078,16958.53906,16958.53906,50200
07-10-2009,17069.41992,17120.56055,16764.07031,16806.66016,16806.66016,32800
08-10-2009,16908.01953,16998.51953,16775.35938,16843.53906,16843.53906,37000
09-10-2009,16915.96094,16963.08008,16606.94922,16642.66016,16642.66016,27000
12-10-2009,16687.32031,17068.7793,16687.32031,17026.66992,17026.66992,24200
13-10-2009,null,null,null,null,null,null
14-10-2009,17117.90039,17274.58984,17117.90039,17231.10938,17231.10938,31800
15-10-2009,17274.07031,17350.39063,17092.83008,17195.19922,17195.19922,30200
16-10-2009,17196.80078,17347.84961,17126.55078,17322.82031,17322.82031,28200
20-10-2009,17414.80078,17457.25977,17185.03906,17223.00977,17223.00977,24600
21-10-2009,17229.7207,17248.68945,16997.85938,17009.16992,17009.16992,25600
22-10-2009,17031.53906,17031.53906,16721.25977,16789.74023,16789.74023,25600
23-10-2009,16795.66016,17006.76953,16765.19922,16810.81055,16810.81055,24400
26-10-2009,16808.05078,16938.88086,16706.08008,16740.5,16740.5,22000
27-10-2009,16699.08984,16699.08984,16311.5,16353.40039,16353.40039,30800
28-10-2009,16335.78027,16411.14063,16144.16992,16283.49023,16283.49023,29600
29-10-2009,16191.38965,16264.08984,15993.83008,16052.71973,16052.71973,26200
30-10-2009,16135.87012,16360.87988,15805.2002,15896.28027,15896.28027,38600
03-11-2009,15838.62988,15957.05957,15330.55957,15404.94043,15404.94043,32400
04-11-2009,15487.96973,15929.08984,15487.96973,15912.12988,15912.12988,30400
05-11-2009,15926.12988,16092.37988,15564.88965,16063.90039,16063.90039,33800
06-11-2009,16137.41992,16283.86035,16075.19043,16158.28027,16158.28027,28200
09-11-2009,16190.79004,16517.41992,16147.20996,16498.7207,16498.7207,20400
10-11-2009,16552.42969,16677.5293,16371.66016,16440.56055,16440.56055,26600
11-11-2009,16444.43945,16887.80078,16405.18945,16849.59961,16849.59961,26600
12-11-2009,16822.17969,16896.61914,16605.00977,16696.0293,16696.0293,27200
13-11-2009,16693.15039,16909.74023,16666.69922,16848.83008,16848.83008,21400
16-11-2009,16893.10938,17083.19922,16893.10938,17032.50977,17032.50977,19000
17-11-2009,17036.23047,17080.16992,16882.98047,17050.65039,17050.65039,20400
18-11-2009,17032.00977,17098.78906,16958.41016,16998.7793,16998.7793,18200
19-11-2009,17004.98047,17004.98047,16712.33008,16785.65039,16785.65039,18200
20-11-2009,16772.75,17041.78906,16635.75,17021.84961,17021.84961,22400
23-11-2009,17067.14063,17214.58008,17045.01953,17180.17969,17180.17969,22000
24-11-2009,17230.85938,17230.85938,17027.51953,17131.08008,17131.08008,18200
25-11-2009,17149.08008,17290.48047,17124.15039,17198.94922,17198.94922,17000
26-11-2009,17199.05078,17202.50977,16808.86914,16854.92969,16854.92969,24000
27-11-2009,16718.80078,16718.80078,16210.44043,16632.00977,16632.00977,28400
30-11-2009,16655.75,17026.91016,16655.75,16926.2207,16926.2207,23200
01-12-2009,16947.46094,17218.46094,16947.46094,17198.26953,17198.26953,20000
02-12-2009,17226.49023,17329.67969,17142.35938,17169.91016,17169.91016,22200
03-12-2009,17199.64063,17361.26953,17128.21094,17185.67969,17185.67969,18200
04-12-2009,17182.23047,17291.83008,17032.81055,17101.53906,17101.53906,18200
07-12-2009,17106.74023,17176.61914,16943.00977,16983.14063,16983.14063,21000
08-12-2009,16984.53906,17237.78906,16964.10938,17227.67969,17227.67969,18600
09-12-2009,17204.32031,17227.96094,17057.36914,17125.2207,17125.2207,21800
10-12-2009,17107,17231.05078,17032.30078,17189.31055,17189.31055,19200
11-12-2009,17199.74023,17351.71094,17056.11914,17119.0293,17119.0293,19200
14-12-2009,17118.14063,17275.18945,17048.16992,17097.55078,17097.55078,17200
15-12-2009,17150.58984,17200.4707,16835.7793,16877.16016,16877.16016,18600
16-12-2009,16866.94922,16996.11914,16777.93945,16912.76953,16912.76953,19400
17-12-2009,16912.25,16979.51953,16826,16894.25,16894.25,22000
18-12-2009,16855.91016,16899.18945,16693.06055,16719.83008,16719.83008,18600
21-12-2009,16724.83984,16750.99023,16577.7793,16601.19922,16601.19922,17200
22-12-2009,16633.81055,16738.11914,16633.81055,16692,16692,14400
23-12-2009,null,null,null,null,null,null
24-12-2009,null,null,null,null,null,null
29-12-2009,null,null,null,null,null,null
30-12-2009,null,null,null,null,null,null
31-12-2009,null,null,null,null,null,null
04-01-2010,17473.44922,17582.83984,17378.38086,17558.73047,17558.73047,28200
05-01-2010,17555.76953,17729.7793,17555.76953,17686.24023,17686.24023,27000
06-01-2010,17719.4707,17790.33008,17636.71094,17701.13086,17701.13086,21400
07-01-2010,17701.9707,17733.33984,17566.53906,17615.7207,17615.7207,18000
08-01-2010,17603.86914,17658.11914,17508.96094,17540.28906,17540.28906,17200
11-01-2010,17724.58984,17776.57031,17500.78906,17526.71094,17526.71094,18400
12-01-2010,17534.09961,17612,17392.55078,17422.50977,17422.50977,18600
13-01-2010,17368.0293,17528.31055,17276.46094,17509.80078,17509.80078,26200
14-01-2010,17525.71094,17628.03906,17525.71094,17584.86914,17584.86914,23400
15-01-2010,17604.31055,17639.84961,17529.10938,17554.30078,17554.30078,17600
18-01-2010,17538.7207,17712.59961,17505.5,17641.08008,17641.08008,15400
19-01-2010,17650.82031,17664.85938,17463.7793,17486.06055,17486.06055,13400
20-01-2010,17486.68945,17590.58984,17425.05078,17474.49023,17474.49023,17000
21-01-2010,17474.49023,17474.49023,17025.25977,17051.14063,17051.14063,17200
22-01-2010,16978.35938,17000.33008,16608.08984,16859.67969,16859.67969,23200
25-01-2010,16847.69922,16877.76953,16705.56055,16780.46094,16780.46094,16400
27-01-2010,16708.59961,16708.59961,16230.84961,16289.82031,16289.82031,25600
28-01-2010,16317.16016,16524.68945,16182.13965,16306.87012,16306.87012,21600
29-01-2010,16253.82031,16390.31055,15982.08008,16357.95996,16357.95996,25400
01-02-2010,16339.32031,16422.40039,16160.79981,16356.03027,16356.03027,20000
02-02-2010,16368.44043,16525.98047,16129.11035,16163.44043,16163.44043,20600
03-02-2010,16210.25,16552.99023,16210.25,16496.05078,16496.05078,16400
04-02-2010,16500.28906,16508.2207,16188.79981,16224.9502,16224.9502,15800
05-02-2010,16222.55957,16222.55957,15725.42969,15790.92969,15790.92969,23000
06-02-2010,null,null,null,null,null,null
08-02-2010,15931.33984,16061.41016,15651.99023,15935.61035,15935.61035,26600
09-02-2010,15940.73047,16094.12988,15862.90039,16042.17969,16042.17969,21200
10-02-2010,16042.17969,16141.12988,15892.00977,15922.16992,15922.16992,19800
11-02-2010,15928.28027,16202.87012,15928.28027,16152.58984,16152.58984,14400
15-02-2010,16186.90039,16227.04004,16011.82031,16038.34961,16038.34961,17000
16-02-2010,16042.17969,16310.38965,16021.29004,16226.67969,16226.67969,20600
17-02-2010,16228.91016,16480.89063,16228.91016,16428.91016,16428.91016,19600
18-02-2010,16421.19922,16452.50977,16287.16992,16327.83984,16327.83984,14000
19-02-2010,16256.53027,16301.94043,16074.58008,16191.62988,16191.62988,19400
22-02-2010,16191.32031,16423.23047,16191.32031,16237.04981,16237.04981,14000
23-02-2010,16213.13965,16324.92969,16178.91016,16286.32031,16286.32031,13400
24-02-2010,16218.67969,16328.44043,16187.44043,16255.96973,16255.96973,12400
25-02-2010,16264.09961,16329.33008,16167.12988,16254.2002,16254.2002,12200
26-02-2010,16255.33008,16669.25,16249.66992,16429.55078,16429.55078,31000
02-03-2010,16438.44922,16808.49023,16438.44922,16772.56055,16772.56055,22400
03-03-2010,16778.28906,17012.60938,16778.28906,17000.00977,17000.00977,20000
04-03-2010,17013.67969,17024.96094,16888.05078,16971.69922,16971.69922,19000
05-03-2010,16988.28906,17097.71094,16936.11914,16994.49023,16994.49023,19600
08-03-2010,17034.91992,17187.55078,17034.91992,17102.59961,17102.59961,15200
09-03-2010,17089.2207,17130.83008,17031.21094,17052.53906,17052.53906,56600
10-03-2010,17072.93945,17183.50977,17027.91992,17098.33008,17098.33008,16800
11-03-2010,17087.63086,17215.07031,17054.2793,17167.96094,17167.96094,11400
12-03-2010,17176.01953,17244.53906,17126.92969,17166.61914,17166.61914,24000
15-03-2010,17166.9707,17195.49023,17061.14063,17164.99023,17164.99023,14200
16-03-2010,17169.83984,17416.55078,17150.06055,17383.17969,17383.17969,12400
17-03-2010,17389.4707,17576.7793,17389.4707,17490.08008,17490.08008,16800
18-03-2010,17492.81055,17548.13086,17417.60938,17519.25977,17519.25977,13600
19-03-2010,17531.4707,17600.86914,17502.14063,17578.23047,17578.23047,13800
22-03-2010,17481.96094,17559.17969,17337.38086,17410.57031,17410.57031,12200
23-03-2010,17422.50977,17530.78906,17356.64063,17451.01953,17451.01953,12600
25-03-2010,17458.50977,17575.23047,17383.21094,17558.84961,17558.84961,13800
26-03-2010,17558.84961,17682.93945,17558.84961,17644.75977,17644.75977,13000
29-03-2010,17639.17969,17793.00977,17639.17969,17711.34961,17711.34961,14800
30-03-2010,17703.66992,17783.34961,17558.2207,17590.16992,17590.16992,12600
31-03-2010,17602.39063,17699.5,17488.55078,17527.76953,17527.76953,13600
01-04-2010,17555.03906,17706.56055,17555.03906,17692.61914,17692.61914,13000
05-04-2010,17693.66016,17948.53906,17693.66016,17935.67969,17935.67969,12800
06-04-2010,17940.32031,17991.41016,17898,17941.36914,17941.36914,12400
07-04-2010,17915.59961,18047.85938,17878.31055,17970.01953,17970.01953,13200
08-04-2010,17950.56055,17960.91016,17679.33984,17714.40039,17714.40039,11800
09-04-2010,17715.16016,17971.4707,17715.16016,17933.14063,17933.14063,12200
12-04-2010,17874.16016,17995.25,17816.18945,17853,17853,9800
13-04-2010,17831.38086,17892.7793,17736.08984,17821.96094,17821.96094,12800
15-04-2010,17804.55078,17975.57031,17619.01953,17639.25977,17639.25977,12600
16-04-2010,17645.91016,17663.99023,17529.55078,17591.17969,17591.17969,11600
19-04-2010,17584.85938,17584.85938,17276.80078,17400.67969,17400.67969,11800
20-04-2010,17394.67969,17560.08984,17394.67969,17460.58008,17460.58008,14000
21-04-2010,17458.75977,17565.55078,17446.50977,17472.56055,17472.56055,10000
22-04-2010,17476.48047,17778.33984,17408.01953,17573.99023,17573.99023,17600
23-04-2010,17533.88086,17725.88086,17533.88086,17694.19922,17694.19922,17200
26-04-2010,17692.25977,17826.48047,17692.25977,17745.2793,17745.2793,14800
27-04-2010,17744.92969,17769.25,17678.56055,17690.61914,17690.61914,12200
28-04-2010,17643.58984,17643.58984,17344.58008,17380.08008,17380.08008,17000
29-04-2010,17382.08984,17532.85938,17382.08984,17503.4707,17503.4707,10800
30-04-2010,17503.4707,17646.60938,17503.4707,17558.71094,17558.71094,12200
03-05-2010,17536.85938,17536.85938,17345.91992,17386.08008,17386.08008,10400
04-05-2010,17371.75,17464.82031,17101.96094,17137.14063,17137.14063,19800
05-05-2010,17103.94922,17121.66016,16858.23047,17087.96094,17087.96094,20000
06-05-2010,17080.4707,17080.4707,16823,16987.5293,16987.5293,16400
07-05-2010,16939.58008,16939.58008,16684.13086,16769.10938,16769.10938,19400
10-05-2010,16799.49023,17356.53906,16799.49023,17330.55078,17330.55078,19800
11-05-2010,17336.13086,17379.15039,17104.44922,17141.5293,17141.5293,20400
12-05-2010,17141.5293,17252.51953,17028.08008,17195.81055,17195.81055,18400
13-05-2010,17323.63086,17389.15039,17240.34961,17265.86914,17265.86914,18000
14-05-2010,17267.25,17329.32031,16923.65039,16994.59961,16994.59961,15200
17-05-2010,16961.91992,16961.91992,16551,16835.56055,16835.56055,20400
18-05-2010,16840.58984,17000.33984,16744.13086,16875.75977,16875.75977,16800
19-05-2010,16802.39063,16802.39063,16373.32031,16408.49023,16408.49023,22200
20-05-2010,16419.09961,16617.80078,16419.09961,16519.67969,16519.67969,21600
21-05-2010,16317.94043,16486.74023,16187.03027,16445.60938,16445.60938,24200
24-05-2010,16494.60938,16757.73047,16413.0293,16469.55078,16469.55078,22200
25-05-2010,16444.57031,16444.57031,15960.15039,16022.48047,16022.48047,21600
26-05-2010,16069.78027,16410.34961,16069.78027,16387.83984,16387.83984,18400
27-05-2010,16410.88086,16694.55078,16331.09961,16666.40039,16666.40039,18800
28-05-2010,16692.66016,16891.16992,16692.66016,16863.06055,16863.06055,19000
31-05-2010,16872.16992,16971.15039,16806.5,16944.63086,16944.63086,15600
01-06-2010,16942.82031,16942.82031,16318.38965,16572.0293,16572.0293,20600
02-06-2010,16574.78906,16774.15039,16571.44922,16741.83984,16741.83984,29000
03-06-2010,16786.2793,17072.63086,16786.2793,17022.33008,17022.33008,21800
04-06-2010,17036.55078,17150.41992,16963.91992,17117.68945,17117.68945,22400
07-06-2010,17069.76953,17069.76953,16686.73047,16781.07031,16781.07031,26000
08-06-2010,16760.59961,16895.73047,16560.64063,16617.09961,16617.09961,27400
09-06-2010,16621.11914,16817.68945,16591.25977,16657.89063,16657.89063,36600
10-06-2010,16668.91016,16942.59961,16668.91016,16922.08008,16922.08008,24800
11-06-2010,16994.07031,17131.56055,16994.07031,17064.94922,17064.94922,24600
14-06-2010,17118.74023,17351.17969,17118.74023,17338.16992,17338.16992,17400
15-06-2010,17355.49023,17442.5,17249.46094,17412.83008,17412.83008,22400
16-06-2010,17500.30078,17530.38086,17407.30078,17462.86914,17462.86914,27400
17-06-2010,17490.51953,17647.41992,17394.90039,17616.68945,17616.68945,25400
18-06-2010,17628.01953,17721.99023,17525.28906,17570.82031,17570.82031,24000
21-06-2010,17654.81055,17919.61914,17654.81055,17876.55078,17876.55078,26200
22-06-2010,17868.11914,17868.11914,17725.63086,17749.68945,17749.68945,15200
23-06-2010,17694.86914,17782.41016,17629.18945,17755.93945,17755.93945,17600
24-06-2010,17750.50977,17845.65039,17632.80078,17730.24023,17730.24023,15600
25-06-2010,17705.10938,17714.73047,17546.73047,17574.5293,17574.5293,19200
28-06-2010,17577.66016,17794.80078,17571.84961,17774.25977,17774.25977,19200
29-06-2010,17777.94922,17777.94922,17465.73047,17534.08984,17534.08984,19200
30-06-2010,17476.84961,17725.03906,17373.7793,17700.90039,17700.90039,18200
01-07-2010,17679.33984,17679.33984,17455.41016,17509.33008,17509.33008,16200
02-07-2010,17523.4707,17598.93945,17426.7793,17460.94922,17460.94922,17200
05-07-2010,17473.83008,17505.73047,17423.74023,17441.43945,17441.43945,7800
06-07-2010,17402.67969,17643.14063,17395.58008,17614.48047,17614.48047,15600
07-07-2010,17623.66016,17623.66016,17447.15039,17471.0293,17471.0293,15200
08-07-2010,17536.48047,17728.36914,17536.48047,17651.73047,17651.73047,14200
09-07-2010,17667.84961,17857.58008,17667.84961,17833.53906,17833.53906,26000
12-07-2010,17875.9707,18010.07031,17874.94922,17937.19922,17937.19922,16200
13-07-2010,17908.30078,17998.03906,17855.84961,17985.90039,17985.90039,17000
14-07-2010,18024.94922,18167.2207,17897.25977,17938.16016,17938.16016,16800
15-07-2010,17874.71094,17978.56055,17858.73047,17909.46094,17909.46094,11800
16-07-2010,17911.13086,17980.26953,17892.16016,17955.82031,17955.82031,13200
19-07-2010,17914.11914,18005.07031,17856.40039,17928.41992,17928.41992,11800
20-07-2010,17918.42969,18040.16992,17848.07031,17878.14063,17878.14063,11600
21-07-2010,17873.91992,18012.19922,17873.91992,17977.23047,17977.23047,13000
22-07-2010,17978.36914,18127.90039,17879.88086,18113.15039,18113.15039,16000
23-07-2010,18132.28906,18237.56055,18093.92969,18130.98047,18130.98047,17400
26-07-2010,18056.24023,18194.08984,17993.88086,18020.05078,18020.05078,16800
27-07-2010,17998.74023,18149.56055,17998.74023,18077.60938,18077.60938,15800
28-07-2010,18077.84961,18137.14063,17925.40039,17957.36914,17957.36914,15400
29-07-2010,17961.58008,18013.09961,17902.83984,17992,17992,11600
30-07-2010,17981.06055,18000.34961,17838.91992,17868.28906,17868.28906,14000
02-08-2010,17911.31055,18104.24023,17911.31055,18081.21094,18081.21094,11000
03-08-2010,18149.90039,18167.44922,18072.38086,18114.83008,18114.83008,13800
04-08-2010,18115.56055,18249.46094,18093.0293,18217.43945,18217.43945,11200
05-08-2010,18234.84961,18295.42969,18156.44922,18172.83008,18172.83008,10200
06-08-2010,18165.49023,18244.56055,18118.18945,18143.99023,18143.99023,9800
09-08-2010,18141.10938,18309.25,18139.90039,18287.5,18287.5,11000
10-08-2010,18272.2793,18293.40039,18170.76953,18219.99023,18219.99023,17800
11-08-2010,18177.34961,18263.88086,18042.89063,18070.18945,18070.18945,20200
12-08-2010,17972.65039,18113.61914,17914.7793,18073.90039,18073.90039,19600
13-08-2010,18080.28906,18260.39063,18050.41992,18167.0293,18167.0293,18600
16-08-2010,18169.80078,18203.91992,17997.46094,18050.7793,18050.7793,16000
17-08-2010,18049.18945,18140.15039,18026,18048.84961,18048.84961,12800
18-08-2010,18067.66992,18286,18067.66992,18257.11914,18257.11914,14800
19-08-2010,18276.5,18475.26953,18276.5,18454.93945,18454.93945,14600
20-08-2010,18444.24023,18464.14063,18360.90039,18401.82031,18401.82031,14200
23-08-2010,18400.33008,18454.38086,18371.01953,18409.34961,18409.34961,11400
24-08-2010,18407.00977,18451.73047,18260.71094,18311.58984,18311.58984,14400
25-08-2010,18308.50977,18312.42969,18156,18179.64063,18179.64063,15800
26-08-2010,18194.7793,18261.06055,18159.13086,18226.34961,18226.34961,12800
27-08-2010,18205.90039,18248.35938,17944.16016,17998.41016,17998.41016,13600
30-08-2010,18063.48047,18216.5,17960.23047,18032.10938,18032.10938,11600
31-08-2010,18015.66016,18015.66016,17819.99023,17971.11914,17971.11914,16400
01-09-2010,18027.11914,18227.14063,18027.11914,18205.86914,18205.86914,14400
02-09-2010,18215.2793,18355.83984,18215.2793,18238.31055,18238.31055,13400
03-09-2010,18238.08008,18316.32031,18206.5,18221.42969,18221.42969,9400
06-09-2010,18124.28906,18600.30078,18124.28906,18560.05078,18560.05078,18200
07-09-2010,18571.73047,18711.19922,18571.42969,18645.06055,18645.06055,14600
08-09-2010,18627.66992,18721.21094,18540.65039,18666.71094,18666.71094,20200
09-09-2010,18669.11914,18823.16992,18669.11914,18799.66016,18799.66016,13200
13-09-2010,18845.31055,19243.43945,18845.31055,19208.33008,19208.33008,15800
14-09-2010,19218.13086,19487.01953,19218.13086,19346.96094,19346.96094,21000
15-09-2010,19343.74023,19554.5,19340.99023,19502.10938,19502.10938,17400
16-09-2010,19476.92969,19636.66016,19383.46094,19417.49023,19417.49023,16200
17-09-2010,19436.71094,19639.17969,19436.71094,19594.75,19594.75,16600
20-09-2010,19445.41992,19927.30078,19445.41992,19906.09961,19906.09961,19600
21-09-2010,19925.78906,20088.96094,19860.88086,20001.55078,20001.55078,15800
22-09-2010,20039.42969,20105.53906,19804.01953,19941.7207,19941.7207,14400
23-09-2010,19944.30078,19998.32031,19771.63086,19861.00977,19861.00977,11800
24-09-2010,19836.42969,20071.75,19833.51953,20045.17969,20045.17969,17400
27-09-2010,20082.25977,20267.98047,20082.25977,20117.38086,20117.38086,17400
28-09-2010,20114.36914,20157.50977,19981.96094,20104.85938,20104.85938,13400
29-09-2010,20086.89063,20234.05078,19923.10938,19956.33984,19956.33984,18800
30-09-2010,19931.49023,20114.73047,19864.46094,20069.11914,20069.11914,15800
01-10-2010,20094.09961,20475.4707,20094.09961,20445.03906,20445.03906,19200
04-10-2010,20501.21094,20706.74023,20437.35938,20475.73047,20475.73047,15000
05-10-2010,20461.98047,20560.53906,20383.16016,20407.71094,20407.71094,17800
06-10-2010,20448.68945,20669.94922,20447.05078,20543.08008,20543.08008,16200
07-10-2010,20544.30078,20581.28906,20272.76953,20315.32031,20315.32031,19200
08-10-2010,20297.58008,20409.18945,20145.74023,20250.25977,20250.25977,15400
11-10-2010,20250.25977,20461.26953,20250.25977,20339.89063,20339.89063,11600
12-10-2010,20357.78906,20368.40039,20107.25,20203.33984,20203.33984,13400
13-10-2010,20223.44922,20703.9707,20211.66016,20687.88086,20687.88086,14400
14-10-2010,20700.41992,20854.55078,20442.82031,20497.64063,20497.64063,15200
15-10-2010,20518.5,20578.44922,20090.17969,20125.05078,20125.05078,9400
18-10-2010,20160.55078,20229.39063,19870.50977,20168.89063,20168.89063,12600
19-10-2010,20298.55078,20332.01953,19923.96094,19983.13086,19983.13086,12000
20-10-2010,19924.01953,20043.82031,19822.66016,19872.15039,19872.15039,10600
21-10-2010,19951.33984,20293.09961,19886.11914,20260.58008,20260.58008,12800
22-10-2010,20334.14063,20351.74023,20088.66992,20165.85938,20165.85938,13200
25-10-2010,20199.73047,20452.30078,20199.73047,20303.11914,20303.11914,12200
26-10-2010,20325.43945,20344.67969,20189.30078,20221.39063,20221.39063,10200
27-10-2010,20220.58008,20220.58008,19923.71094,20005.36914,20005.36914,12000
28-10-2010,20116.49023,20185.46094,19869.32031,19941.03906,19941.03906,11600
29-10-2010,19986.32031,20080.33008,19768.96094,20032.33984,20032.33984,14400
01-11-2010,20272.49023,20609.65039,20267.09961,20355.63086,20355.63086,5400
02-11-2010,20407.17969,20418.34961,20281.73047,20345.68945,20345.68945,13200
03-11-2010,20472.85938,20538.80078,20426.17969,20465.74023,20465.74023,10000
04-11-2010,20605.63086,20917.0293,20605.63086,20893.57031,20893.57031,12800
08-11-2010,21041.9707,21075.71094,20822.36914,20852.38086,20852.38086,13800
09-11-2010,20851.91016,20984.08008,20762.81055,20932.48047,20932.48047,11800
10-11-2010,20917.53906,20970.91016,20849.91992,20875.71094,20875.71094,15200
11-11-2010,20930.44922,20937.38086,20544.2207,20589.08984,20589.08984,12600
12-11-2010,20529.74023,20593.91016,20108.40039,20156.89063,20156.89063,14600
15-11-2010,20167.61914,20335.50977,20046.59961,20309.68945,20309.68945,14200
16-11-2010,20371.73047,20380.09961,19832.2207,19865.14063,19865.14063,15200
18-11-2010,19997.83008,20056.43945,19615.50977,19930.64063,19930.64063,21800
19-11-2010,19982.75,19983.89063,19504.86914,19585.43945,19585.43945,16400
22-11-2010,19713.83984,19989.01953,19641.41992,19957.58984,19957.58984,11000
23-11-2010,19841.41992,19841.41992,19342.68945,19691.83984,19691.83984,14200
24-11-2010,19735.2793,19835.57031,19375.91992,19459.84961,19459.84961,12200
25-11-2010,19560.25,19628.26953,19257.36914,19318.16016,19318.16016,13800
26-11-2010,19391.96094,19417.60938,18954.82031,19136.60938,19136.60938,25200
29-11-2010,19230.33984,19450.08984,19167.18945,19405.09961,19405.09961,12400
30-11-2010,19373.23047,19610.46094,19218.01953,19521.25,19521.25,18800
01-12-2010,19529.99023,19887.25977,19525.15039,19850,19850,15000
02-12-2010,20038.66016,20084.25,19917.76953,19992.69922,19992.69922,16600
03-12-2010,20007.89063,20067.81055,19877.11914,19966.92969,19966.92969,13800
06-12-2010,20038.25,20217.85938,19944.71094,19981.31055,19981.31055,14000
07-12-2010,19982.90039,20008.35938,19824.43945,19934.64063,19934.64063,13400
08-12-2010,19874.30078,19875.50977,19611.34961,19696.48047,19696.48047,12600
09-12-2010,19746.15039,19771.08984,19160.86914,19242.35938,19242.35938,17200
10-12-2010,19201.89063,19537.40039,19074.57031,19508.89063,19508.89063,16000
13-12-2010,19600.2793,19710.57031,19321.41016,19691.7793,19691.7793,15400
14-12-2010,19746.75,19836.82031,19621.41016,19799.18945,19799.18945,13400
15-12-2010,19791.2207,19817.60938,19571.42969,19647.76953,19647.76953,14000
16-12-2010,19698.58008,19897.2207,19554.34961,19864.84961,19864.84961,15400
20-12-2010,19770.01953,20006.16016,19711.11914,19888.88086,19888.88086,11200
21-12-2010,19925.75977,20090.83984,19925.75977,20060.32031,20060.32031,14200
22-12-2010,20118.82031,20151.25,19931.31055,20015.80078,20015.80078,12000
23-12-2010,20038.83008,20076.08008,19939.30078,19982.88086,19982.88086,7600
24-12-2010,19911.46094,20086.41992,19880.35938,20073.66016,20073.66016,16400
27-12-2010,20062.59961,20190.13086,20010.33008,20028.92969,20028.92969,9800
28-12-2010,20056.4707,20090.41016,19981.75977,20025.41992,20025.41992,10600
29-12-2010,20060.88086,20274.19922,20054.64063,20256.0293,20256.0293,10000
30-12-2010,20274.11914,20410.91016,20274.11914,20389.07031,20389.07031,10600
31-12-2010,20412.75977,20552.0293,20412.75977,20509.08984,20509.08984,12600
03-01-2011,20621.60938,20664.80078,20531,20561.05078,20561.05078,12000
04-01-2011,20617.38086,20651.21094,20449.00977,20498.7207,20498.7207,15200
05-01-2011,20509.94922,20509.94922,20243.94922,20301.09961,20301.09961,14400
06-01-2011,20395.5,20425.84961,20107.16992,20184.74023,20184.74023,16600
07-01-2011,20163.84961,20210.61914,19629.2207,19691.81055,19691.81055,15800
10-01-2011,19714.41992,19720.42969,19158.42969,19224.11914,19224.11914,17200
11-01-2011,19279.76953,19431.56055,19003.59961,19196.33984,19196.33984,20000
12-01-2011,19353.33984,19574.63086,19048.56055,19534.09961,19534.09961,19400
13-01-2011,19492.30078,19522.38086,19136.26953,19182.82031,19182.82031,16800
14-01-2011,19198.03906,19447.82031,18811.96094,18860.43945,18860.43945,15800
17-01-2011,18911.42969,19018.93945,18779.38086,18882.25,18882.25,17800
18-01-2011,18983.19922,19120.61914,18933.4707,19092.05078,19092.05078,14400
19-01-2011,19153.31055,19167.06055,18898.56055,18978.32031,18978.32031,16200
20-01-2011,18892.42969,19100.25977,18794.73047,19046.53906,19046.53906,12800
21-01-2011,19007.08008,19065.33984,18932.40039,19007.5293,19007.5293,11000
24-01-2011,19095.68945,19194.46094,18998.38086,19151.2793,19151.2793,11600
25-01-2011,19227.41992,19340.99023,18949.43945,18969.44922,18969.44922,13400
27-01-2011,19086.68945,19086.68945,18656.05078,18684.42969,18684.42969,13800
28-01-2011,18708.61914,18723.11914,18235.44922,18395.9707,18395.9707,18600
31-01-2011,18226.21094,18395.08984,18038.48047,18327.75977,18327.75977,19800
01-02-2011,18425.17969,18452.06055,17982.16992,18022.2207,18022.2207,20200
02-02-2011,18216.91016,18306,18042.60938,18090.61914,18090.61914,22800
03-02-2011,18113.73047,18466.21094,18064.60938,18449.31055,18449.31055,21600
04-02-2011,18450.07031,18542.19922,17926.98047,18008.15039,18008.15039,23000
07-02-2011,18135.01953,18180.93945,17977.00977,18037.18945,18037.18945,13000
08-02-2011,18141.50977,18141.50977,17742.17969,17775.69922,17775.69922,14200
09-02-2011,17723.99023,17864.32031,17508.34961,17592.76953,17592.76953,30200
10-02-2011,17603.28906,17636.88086,17362.58984,17463.03906,17463.03906,25200
11-02-2011,17519.13086,17752.56055,17295.61914,17728.60938,17728.60938,25400
14-02-2011,17940.16016,18227.61914,17857.11914,18202.19922,18202.19922,21800
15-02-2011,18260.08008,18361.66016,18050.48047,18273.80078,18273.80078,23600
16-02-2011,18273.06055,18358.83984,18216.11914,18300.90039,18300.90039,18800
17-02-2011,18345.11914,18532.60938,18233.78906,18506.82031,18506.82031,16600
18-02-2011,18564.08008,18690.9707,18159.82031,18211.51953,18211.51953,22000
21-02-2011,18238.53906,18457.49023,18082.66016,18438.31055,18438.31055,19200
22-02-2011,18390.7207,18457.90039,18187.33008,18296.16016,18296.16016,19800
23-02-2011,18233.76953,18377.48047,18150.00977,18178.33008,18178.33008,22200
24-02-2011,18135.11914,18135.11914,17559.69922,17632.41016,17632.41016,23000
25-02-2011,17775.08008,17812.43945,17469.9707,17700.91016,17700.91016,21800
28-02-2011,17811.08008,18296.5293,17718.88086,17823.40039,17823.40039,30000
01-03-2011,17982.2793,18478.67969,17964.39063,18446.5,18446.5,24800
03-03-2011,18318.32031,18603.57031,18253.61914,18489.75977,18489.75977,28600
04-03-2011,18622.69922,18736.9707,18448.68945,18486.44922,18486.44922,19800
07-03-2011,18361.65039,18363.44922,18058.71094,18222.66992,18222.66992,15200
08-03-2011,18277.33984,18466.81055,18266.61914,18439.65039,18439.65039,13800
09-03-2011,18522.80078,18583.30078,18303.80078,18469.94922,18469.94922,22600
10-03-2011,18430.83984,18430.83984,18261.25977,18327.98047,18327.98047,18600
11-03-2011,18248.10938,18368.42969,18063.28906,18174.08984,18174.08984,20600
14-03-2011,18167.09961,18463.83984,18155.42969,18439.48047,18439.48047,15400
15-03-2011,18113.78906,18326.33008,17920.55078,18167.64063,18167.64063,22400
16-03-2011,18263.67969,18444.4707,18263.67969,18358.68945,18358.68945,16200
17-03-2011,18227.16016,18354.26953,18104.01953,18149.86914,18149.86914,18200
18-03-2011,18251.17969,18259.60938,17849.5293,17878.81055,17878.81055,16400
21-03-2011,17984.7207,18007.73047,17792.16992,17839.05078,17839.05078,12400
22-03-2011,17929.08984,18041.38086,17878.80078,17988.30078,17988.30078,11800
23-03-2011,17972.03906,18218.2793,17950.16992,18206.16016,18206.16016,13400
24-03-2011,18286.41992,18373.9707,18269.32031,18350.74023,18350.74023,11200
25-03-2011,18480.68945,18858.30078,18480.68945,18815.64063,18815.64063,15200
28-03-2011,18799.71094,19024.17969,18799.57031,18943.14063,18943.14063,12800
29-03-2011,18949.57031,19226.21094,18944.82031,19120.80078,19120.80078,17200
30-03-2011,19178.76953,19357.09961,19178.76953,19290.17969,19290.17969,12200
31-03-2011,19339.75,19575.16016,19284.34961,19445.2207,19445.2207,16200
01-04-2011,19463.10938,19562.55078,19382.34961,19420.39063,19420.39063,12400
04-04-2011,19473.92969,19729.59961,19449.35938,19701.73047,19701.73047,10600
05-04-2011,19731.38086,19770.21094,19523.53906,19686.82031,19686.82031,12600
06-04-2011,19698.60938,19811.14063,19550.55078,19612.19922,19612.19922,14400
07-04-2011,19620.88086,19665.08984,19537.01953,19591.17969,19591.17969,9600
08-04-2011,19602.81055,19697.21094,19388.41992,19451.44922,19451.44922,10400
11-04-2011,19382.91016,19426.30078,19242.58984,19262.53906,19262.53906,9400
13-04-2011,19187.00977,19737.33008,19101.63086,19696.85938,19696.85938,17800
15-04-2011,19670.07031,19700.96094,19337.11914,19386.82031,19386.82031,17000
18-04-2011,19389.74023,19649.2207,19071.4707,19091.16992,19091.16992,13800
19-04-2011,19091.7793,19201.91992,18976.18945,19121.83008,19121.83008,11400
20-04-2011,19274.21094,19484.76953,19171.0293,19470.98047,19470.98047,15400
21-04-2011,19582.5,19695.98047,19530.5,19602.23047,19602.23047,15200
25-04-2011,19538.51953,19697.49023,19531.33984,19584.31055,19584.31055,11400
26-04-2011,19596.32031,19626.13086,19306.91992,19545.34961,19545.34961,11600
27-04-2011,19610.71094,19633.63086,19412.78906,19448.68945,19448.68945,13400
28-04-2011,19532.84961,19542.05078,19265.91992,19292.01953,19292.01953,14000
29-04-2011,19292.57031,19356.5,19015.05078,19135.96094,19135.96094,10600
02-05-2011,19224.05078,19253.86914,18954.75977,18998.01953,18998.01953,9400
03-05-2011,18979.31055,19024.94922,18502.41992,18534.68945,18534.68945,13400
04-05-2011,18558.33008,18604.35938,18339.5293,18469.35938,18469.35938,13000
05-05-2011,18484.71094,18569.21094,18160.65039,18210.58008,18210.58008,14800
06-05-2011,18289.7793,18568.48047,18271.67969,18518.81055,18518.81055,30200
09-05-2011,18628.63086,18643.58008,18367.21094,18528.96094,18528.96094,9200
10-05-2011,18564.94922,18689.36914,18429.06055,18512.76953,18512.76953,13200
11-05-2011,18572.60938,18622.43945,18454.92969,18584.96094,18584.96094,10000
12-05-2011,18525.32031,18610.01953,18314.33984,18335.78906,18335.78906,10200
13-05-2011,18362.44922,18724.53906,18280.69922,18531.2793,18531.2793,12600
16-05-2011,18492.67969,18492.67969,18319.88086,18345.0293,18345.0293,9400
17-05-2011,18374.44922,18435.80078,18084.66992,18137.34961,18137.34961,14200
18-05-2011,18177.32031,18218.19922,18020.78906,18086.19922,18086.19922,12400
19-05-2011,18166.64063,18198.44922,18057.82031,18141.40039,18141.40039,13400
20-05-2011,18199.96094,18429.4707,18161.38086,18326.08984,18326.08984,17000
23-05-2011,18269.06055,18269.06055,17971.01953,17993.33008,17993.33008,10400
24-05-2011,18016.42969,18110.39063,17933.93945,18011.9707,18011.9707,12600
25-05-2011,17976.35938,17976.35938,17786.13086,17847.24023,17847.24023,10200
26-05-2011,17917.10938,18072.60938,17862.88086,18044.64063,18044.64063,12600
27-05-2011,18105.60938,18298.64063,18087.16016,18266.09961,18266.09961,12800
30-05-2011,18319.74023,18380.16992,18199.51953,18232.06055,18232.06055,11600
31-05-2011,18266.60938,18526.80078,18266.60938,18503.2793,18503.2793,14600
01-06-2011,18527.11914,18636.11914,18514.66016,18608.81055,18608.81055,12600
02-06-2011,18425.84961,18540.66992,18390.57031,18494.17969,18494.17969,15400
03-06-2011,18554.40039,18672.65039,18345.84961,18376.48047,18376.48047,14400
06-06-2011,18344.26953,18458.63086,18258.41992,18420.10938,18420.10938,8800
07-06-2011,18355.30078,18545.94922,18351.24023,18495.61914,18495.61914,10000
08-06-2011,18448.40039,18505.09961,18365.93945,18394.28906,18394.28906,10800
09-06-2011,18394.57031,18449.64063,18327.00977,18384.90039,18384.90039,10000
10-06-2011,18390.41016,18399.01953,18182.90039,18268.53906,18268.53906,9600
13-06-2011,18242.25,18313.21094,18120.75977,18266.0293,18266.0293,10400
14-06-2011,18276.7793,18380.18945,18261.10938,18308.66016,18308.66016,26800
15-06-2011,18298.58984,18308.68945,18111.21094,18132.24023,18132.24023,9600
16-06-2011,18060.10938,18155.09961,17958.93945,17985.88086,17985.88086,10600
17-06-2011,18060.16992,18064.75977,17844.08984,17870.5293,17870.5293,10800
20-06-2011,17925.16992,17925.16992,17314.38086,17506.63086,17506.63086,12800
21-06-2011,17574.36914,17714.88086,17504.26953,17560.30078,17560.30078,11400
22-06-2011,17659.36914,17678.85938,17492.18945,17550.63086,17550.63086,9600
23-06-2011,17526.91992,17754.55078,17482.21094,17727.49023,17727.49023,11400
24-06-2011,17804.93945,18268.94922,17804.93945,18240.67969,18240.67969,14800
27-06-2011,18132.69922,18494.10938,18132.69922,18412.41016,18412.41016,13400
28-06-2011,18493.58984,18527.44922,18323.43945,18492.44922,18492.44922,11400
29-06-2011,18552.18945,18715.39063,18552.18945,18693.85938,18693.85938,13800
30-06-2011,18741.09961,18873.39063,18723.14063,18845.86914,18845.86914,11400
01-07-2011,18974.96094,19031.38086,18713.07031,18762.80078,18762.80078,14000
04-07-2011,18896.24023,18942.41992,18781.88086,18814.48047,18814.48047,12200
05-07-2011,18837.88086,18837.88086,18694.05078,18744.56055,18744.56055,12200
06-07-2011,18730.28906,18823.44922,18682.59961,18726.9707,18726.9707,8400
07-07-2011,18776.61914,19097.7793,18767.25,19078.30078,19078.30078,11400
08-07-2011,19084.06055,19131.69922,18817.71094,18858.03906,18858.03906,12200
11-07-2011,18823.18945,18843.9707,18679.49023,18721.39063,18721.39063,9200
12-07-2011,18534.10938,18589.18945,18326.41992,18411.61914,18411.61914,10600
13-07-2011,18468.82031,18626.41016,18465.40039,18596.01953,18596.01953,9800
14-07-2011,18563.68945,18803.05078,18449.23047,18618.19922,18618.19922,11800
15-07-2011,18694.18945,18936.42969,18513.2207,18561.91992,18561.91992,6800
18-07-2011,18592.18945,18622.56055,18469.5293,18507.03906,18507.03906,9000
19-07-2011,18521.38086,18690.41992,18481.83008,18653.86914,18653.86914,8400
20-07-2011,18756.31055,18765.59961,18473.90039,18502.38086,18502.38086,9800
21-07-2011,18514.65039,18566.99023,18415.35938,18436.18945,18436.18945,8000
22-07-2011,18565.03906,18747.06055,18533.42969,18722.30078,18722.30078,14800
25-07-2011,18753.34961,18932.26953,18670.83984,18871.28906,18871.28906,22800
26-07-2011,18898.18945,18944.59961,18481.63086,18518.2207,18518.2207,15600
27-07-2011,18571.15039,18578.55078,18358.75977,18432.25,18432.25,14200
28-07-2011,18300.55078,18327.84961,18188.88086,18209.51953,18209.51953,12200
29-07-2011,18194.15039,18334.26953,18131.85938,18197.19922,18197.19922,16200
01-08-2011,18352.23047,18440.07031,18219.25,18314.33008,18314.33008,9600
02-08-2011,18283.55078,18283.55078,18037.86914,18109.89063,18109.89063,11000
03-08-2011,17970.18945,18005.75977,17859.5,17940.55078,17940.55078,13400
04-08-2011,17983.85938,18032.55078,17664.73047,17693.17969,17693.17969,11000
05-08-2011,17350.36914,17358.17969,16990.91016,17305.86914,17305.86914,20400
08-08-2011,16907.57031,17247.86914,16759.44922,16990.17969,16990.17969,20000
09-08-2011,16517.86914,17135.03906,16432,16857.91016,16857.91016,23800
10-08-2011,17244.71094,17256.46094,17022.25,17130.50977,17130.50977,15600
11-08-2011,17056.60938,17207.82031,17012.94922,17059.40039,17059.40039,9400
12-08-2011,17246.88086,17246.88086,16784.56055,16839.63086,16839.63086,13400
16-08-2011,17015.99023,17035.49023,16673.51953,16730.93945,16730.93945,12600
17-08-2011,16782.24023,17000.38086,16708.98047,16840.80078,16840.80078,15000
18-08-2011,16910.26953,16916.81055,16433.31055,16469.78906,16469.78906,14600
19-08-2011,16237.78027,16287.71973,15987.76953,16141.66992,16141.66992,16400
22-08-2011,16155.99023,16370.45996,16046.48047,16341.7002,16341.7002,11600
23-08-2011,16446.84961,16549.21094,16213.17969,16498.4707,16498.4707,11400
24-08-2011,16490.7793,16533.2207,16253.78027,16284.98047,16284.98047,13600
25-08-2011,16338.13965,16373.83984,16104.33984,16146.33008,16146.33008,12200
26-08-2011,16155.54981,16256.37988,15765.53027,15848.83008,15848.83008,14200
29-08-2011,16080.74023,16462.0293,16068.73047,16416.33008,16416.33008,11200
30-08-2011,16585.09961,16714.69922,16443.34961,16676.75,16676.75,15200
02-09-2011,16963.66992,16989.85938,16688.06055,16821.46094,16821.46094,12800
05-09-2011,16678.33984,16760.07031,16561.46094,16713.33008,16713.33008,12200
06-09-2011,16663.73047,16894.73047,16488.30078,16862.81055,16862.81055,14600
07-09-2011,16922.31055,17157.21094,16922.31055,17065,17065,17400
08-09-2011,17118.08008,17209.66016,16987.36914,17165.53906,17165.53906,12200
09-09-2011,17189.75,17211.80078,16830.94922,16866.9707,16866.9707,11800
12-09-2011,16668.25,16668.25,16393.03906,16501.74023,16501.74023,13400
13-09-2011,16618.16992,16766.18945,16374.67969,16467.43945,16467.43945,14600
14-09-2011,16522.71094,16754.2207,16387.38086,16709.59961,16709.59961,16000
15-09-2011,16837.75977,16922.40039,16545.4707,16876.53906,16876.53906,15400
16-09-2011,17047.73047,17122.53906,16889.58008,16933.83008,16933.83008,20400
19-09-2011,16865.92969,16865.92969,16709.41016,16745.34961,16745.34961,11600
20-09-2011,16768.63086,17135.43945,16758.68945,17099.2793,17099.2793,14200
21-09-2011,17128.83008,17191.11914,17000.60938,17065.15039,17065.15039,13400
22-09-2011,16827.84961,16833.60938,16316.03027,16361.15039,16361.15039,18400
23-09-2011,16222.37012,16368.41016,16052.46973,16162.05957,16162.05957,22000
26-09-2011,16209.19043,16209.19043,15801.00977,16051.09961,16051.09961,18800
27-09-2011,16289.32031,16551.65039,16282.74023,16524.0293,16524.0293,16200
28-09-2011,16663.25977,16663.25977,16363.62988,16446.01953,16446.01953,19600
29-09-2011,16387.91016,16756.08008,16316.66016,16698.07031,16698.07031,19200
30-09-2011,16599.74023,16745.16016,16404.7793,16453.75977,16453.75977,20000
03-10-2011,16255.96973,16255.96973,16056.33008,16151.4502,16151.4502,17000
04-10-2011,16081.76953,16202.37988,15745.42969,15864.86035,15864.86035,19600
05-10-2011,15967.71973,16044.91016,15760.53027,15792.41016,15792.41016,18800
07-10-2011,16222.49023,16347.48047,16148.96973,16232.54004,16232.54004,16800
10-10-2011,16270.07031,16595.92969,16230.76953,16557.23047,16557.23047,17200
11-10-2011,16668.15039,16774.11914,16510.71094,16536.4707,16536.4707,20000
12-10-2011,16660.42969,16987.06055,16608.57031,16958.39063,16958.39063,21200
13-10-2011,17048,17084.07031,16854.0293,16883.91992,16883.91992,18000
14-10-2011,16836.83008,17112.44922,16828.44922,17082.68945,17082.68945,15400
17-10-2011,17176.05078,17188.55078,16928.38086,17025.08984,17025.08984,18400
18-10-2011,16817.38086,16824.75977,16669.03906,16748.28906,16748.28906,14000
19-10-2011,16883.35938,17106.99023,16874.33984,17085.33984,17085.33984,11400
20-10-2011,16911.84961,16962.06055,16744.99023,16936.89063,16936.89063,12000
21-10-2011,16975.78906,17032.32031,16752.21094,16785.64063,16785.64063,13800
24-10-2011,17011.06055,17104.88086,16898.59961,16939.2793,16939.2793,12600
25-10-2011,17012.78906,17322.13086,16900.25977,17254.85938,17254.85938,17600
28-10-2011,17671.85938,17908.13086,17671.85938,17804.80078,17804.80078,23800
31-10-2011,17806.21094,17813.10938,17668.26953,17705.00977,17705.00977,15800
01-11-2011,17540.55078,17661.7793,17422.4707,17480.83008,17480.83008,17600
02-11-2011,17347.69922,17615.91992,17337.65039,17464.84961,17464.84961,15400
03-11-2011,17430.68945,17527.09961,17278.0293,17481.92969,17481.92969,17000
04-11-2011,17674.69922,17702.25977,17474.39063,17562.60938,17562.60938,18400
08-11-2011,17593.66992,17632.23047,17455.2207,17569.5293,17569.5293,11000
09-11-2011,17641.98047,17658.33984,17331.23047,17362.09961,17362.09961,15000
11-11-2011,17187.89063,17279.23047,17096.83984,17192.82031,17192.82031,18200
14-11-2011,17348.51953,17391.99023,17094.42969,17118.74023,17118.74023,15000
15-11-2011,17081.61914,17172.08984,16837.56055,16882.66992,16882.66992,18000
16-11-2011,16872.30078,16878.30078,16641.65039,16775.86914,16775.86914,19600
17-11-2011,16754.67969,16807.15039,16408.5,16461.71094,16461.71094,17000
18-11-2011,16387.69922,16396.68945,16164.99023,16371.50977,16371.50977,21600
21-11-2011,16297.03027,16297.03027,15900.29981,15946.09961,15946.09961,21400
22-11-2011,15995.69043,16212.9502,15970.11035,16065.41992,16065.41992,19400
23-11-2011,15969.59961,15969.59961,15478.69043,15699.96973,15699.96973,17400
24-11-2011,15715.80957,15901.29981,15479.96973,15858.49023,15858.49023,18600
25-11-2011,15781.25,15891.04981,15645.78027,15695.42969,15695.42969,19200
28-11-2011,15890.79981,16186.67969,15888.28027,16167.12988,16167.12988,20200
29-11-2011,16210.37012,16210.37012,15952.54004,16008.33984,16008.33984,14800
30-11-2011,15868.95996,16179.55957,15849.57031,16123.45996,16123.45996,16800
01-12-2011,16555.92969,16718.10938,16430.60938,16483.44922,16483.44922,19800
02-12-2011,16493.98047,16888.83984,16428.66016,16846.83008,16846.83008,28600
05-12-2011,16812.30078,16863.09961,16691.21094,16805.33008,16805.33008,13400
07-12-2011,16830.03906,17003.71094,16781.61914,16877.06055,16877.06055,14000
08-12-2011,16819.74023,16847.82031,16421.55078,16488.24023,16488.24023,16000
09-12-2011,16258.44043,16382.57031,16142.32031,16213.45996,16213.45996,18400
12-12-2011,16354.95996,16360.32031,15839.95996,15870.34961,15870.34961,21200
13-12-2011,15778.62012,16079.37988,15771.58984,16002.50977,16002.50977,23600
14-12-2011,15963.75,16133.41016,15855.12012,15881.13965,15881.13965,19000
15-12-2011,15739.04981,15908.01953,15596.21973,15836.46973,15836.46973,19800
16-12-2011,15868.78027,16068.90039,15425.2002,15491.34961,15491.34961,20400
19-12-2011,15440.09961,15440.09961,15190.74023,15379.33984,15379.33984,18000
20-12-2011,15436.12012,15448.12988,15135.86035,15175.08008,15175.08008,20800
21-12-2011,15487.75,15727.30957,15377.04004,15685.20996,15685.20996,22000
22-12-2011,15546.66016,15834.62988,15472.7002,15813.36035,15813.36035,18800
23-12-2011,15863.42969,15911.23047,15671.28027,15738.7002,15738.7002,17000
26-12-2011,15782.16992,15998.44043,15761.17969,15970.75,15970.75,11800
27-12-2011,15983.98047,16049.12012,15799.62988,15873.9502,15873.9502,10800
28-12-2011,15854.36035,15887.79981,15666.45996,15727.84961,15727.84961,11800
29-12-2011,15658.94043,15724.59961,15515.44043,15543.92969,15543.92969,12800
30-12-2011,15583.54981,15694.04981,15406.92969,15454.91992,15454.91992,12800
02-01-2012,null,null,null,null,null,null
03-01-2012,15640.55957,15970.30957,15640.55957,15939.36035,15939.36035,16200
04-01-2012,15967.49023,16004.69043,15822.32031,15882.63965,15882.63965,17800
05-01-2012,15893.07031,15980.16992,15809.30957,15857.08008,15857.08008,21200
06-01-2012,15789.08008,16001.30957,15664.91016,15867.73047,15867.73047,17200
07-01-2012,null,null,null,null,null,null
09-01-2012,15840.21973,15871.50977,15678.29981,15814.71973,15814.71973,11200
10-01-2012,15898.32031,16180.96973,15898.32031,16165.08984,16165.08984,19600
11-01-2012,16222.37012,16244.7002,16127.76953,16175.86035,16175.86035,18600
12-01-2012,16117.19043,16178.58008,15962.58984,16037.50977,16037.50977,14400
13-01-2012,16144.57031,16257.33984,16049.78027,16154.62012,16154.62012,19600
16-01-2012,16086.74023,16214.36035,16037.59961,16189.36035,16189.36035,13400
17-01-2012,16270.87012,16501.38086,16270.87012,16466.05078,16466.05078,18800
18-01-2012,16502.41992,16517.96094,16384.48047,16451.4707,16451.4707,16200
19-01-2012,16573.86914,16662.06055,16572.09961,16643.74023,16643.74023,16800
20-01-2012,16745.00977,16788.48047,16611.71094,16739.00977,16739.00977,18000
23-01-2012,16667.01953,16784,16659.32031,16751.73047,16751.73047,15000
24-01-2012,16806.7207,17050.32031,16770.00977,16995.76953,16995.76953,18200
25-01-2012,17068.84961,17130.24023,17016.68945,17077.17969,17077.17969,14000
27-01-2012,17201.33008,17258.9707,17106.57031,17233.98047,17233.98047,17200
30-01-2012,17138.03906,17138.03906,16828.33008,16863.30078,16863.30078,14400
31-01-2012,16965.58008,17238.99023,16965.58008,17193.55078,17193.55078,18600
01-02-2012,17179.64063,17327.21094,17061.55078,17300.58008,17300.58008,47400
02-02-2012,17438.07031,17504.25,17308.2793,17431.84961,17431.84961,27000
03-02-2012,17444.25,17630.5293,17382.69922,17604.96094,17604.96094,16600
06-02-2012,17741.91016,17829.7207,17595.09961,17707.31055,17707.31055,17600
07-02-2012,17813.74023,17832.03906,17582.49023,17622.44922,17622.44922,16800
08-02-2012,17631.68945,17809.21094,17579.58984,17707.32031,17707.32031,20800
09-02-2012,17647.80078,17879.46094,17609.42969,17830.75,17830.75,21400
10-02-2012,17817.58984,17890.10938,17627.14063,17748.68945,17748.68945,19600
13-02-2012,17761.69922,17849.64063,17665.89063,17772.83984,17772.83984,16800
14-02-2012,17767.46094,17890.33008,17742.58008,17848.57031,17848.57031,17400
15-02-2012,18000.30078,18231.34961,18000.30078,18202.41016,18202.41016,25600
16-02-2012,18163.05078,18182.7793,18043.32031,18153.99023,18153.99023,20000
17-02-2012,18331.19922,18423.06055,18234.56055,18289.34961,18289.34961,27800
21-02-2012,18303.73047,18470.85938,18293.80078,18428.60938,18428.60938,20600
22-02-2012,18490.86914,18523.7793,18095.81055,18145.25,18145.25,21600
23-02-2012,18127.34961,18249.5293,18005.2793,18078.5,18078.5,19600
24-02-2012,18079.00977,18198.15039,17848.92969,17923.57031,17923.57031,19600
27-02-2012,17975.18945,17975.18945,17381.64063,17445.75,17445.75,20800
28-02-2012,17545.10938,17776.82031,17530.43945,17731.11914,17731.11914,16000
29-02-2012,17919.92969,18001.34961,17677.9707,17752.67969,17752.67969,18400
01-03-2012,17714.61914,17717.5293,17463.26953,17583.9707,17583.9707,18800
02-03-2012,17661.39063,17731.88086,17504.38086,17636.80078,17636.80078,17000
03-03-2012,null,null,null,null,null,null
05-03-2012,17598.41992,17598.41992,17312.30078,17362.86914,17362.86914,12000
06-03-2012,17336.64063,17691.96094,17128.2793,17173.28906,17173.28906,18600
07-03-2012,17127.17969,17239.34961,17008.76953,17145.51953,17145.51953,20400
09-03-2012,17325.82031,17531.61914,17325.82031,17503.24023,17503.24023,12800
12-03-2012,17772.09961,17772.09961,17494.65039,17587.66992,17587.66992,12200
13-03-2012,17680.23047,17842.91992,17680.23047,17813.61914,17813.61914,12800
14-03-2012,18003.15039,18040.68945,17837.2207,17919.30078,17919.30078,14200
15-03-2012,17916.84961,17918.25,17622.13086,17675.84961,17675.84961,13800
16-03-2012,17656.81055,17871,17426.58008,17466.19922,17466.19922,24800
19-03-2012,17531.4707,17561.46094,17226.42969,17273.36914,17273.36914,13800
20-03-2012,17308.89063,17410.13086,17211.73047,17316.17969,17316.17969,14200
21-03-2012,17301.16016,17622.86914,17275.88086,17601.71094,17601.71094,14200
22-03-2012,17586.06055,17687.00977,17136.5,17196.4707,17196.4707,17600
23-03-2012,17257.7207,17458.34961,17179.33008,17361.74023,17361.74023,12600
26-03-2012,17377.58984,17377.58984,17021.84961,17052.7793,17052.7793,17000
27-03-2012,17209.13086,17366.83984,17061.16016,17257.35938,17257.35938,19000
28-03-2012,17234.48047,17245.82031,17040.11914,17121.61914,17121.61914,13200
29-03-2012,17039.84961,17109.34961,16920.60938,17058.60938,17058.60938,11200
30-03-2012,17117.41016,17439.50977,17105.2207,17404.19922,17404.19922,25000
02-04-2012,17429.96094,17529.98047,17382.38086,17478.15039,17478.15039,10000
03-04-2012,17576.21094,17664.09961,17478.15039,17597.41992,17597.41992,10800
04-04-2012,17553.25977,17597.41992,17436.59961,17486.01953,17486.01953,9800
09-04-2012,17407.66016,17486.01953,17199.63086,17222.14063,17222.14063,9800
10-04-2012,17259.25977,17274.68945,17135.75977,17243.83984,17243.83984,10000
11-04-2012,17125.96094,17319.15039,17075.89063,17199.40039,17199.40039,11800
12-04-2012,17276.86914,17395.15039,17199.40039,17332.61914,17332.61914,10200
13-04-2012,17232.56055,17398.2207,17027.30078,17094.50977,17094.50977,18400
16-04-2012,17047.86914,17173.06055,17010.16016,17150.94922,17150.94922,9800
17-04-2012,17200.9707,17381.91992,17103.35938,17357.93945,17357.93945,12400
18-04-2012,17447.25977,17522.80078,17357.93945,17392.39063,17392.39063,9800
19-04-2012,17432.89063,17530.30078,17361.71094,17503.71094,17503.71094,11800
20-04-2012,17459.7207,17519.88086,17231.33984,17373.83984,17373.83984,11200
23-04-2012,17347.75977,17444.17969,17056.76953,17096.67969,17096.67969,13000
24-04-2012,17154.75,17247.5293,17046.7207,17207.28906,17207.28906,12400
25-04-2012,17225.53906,17249.60938,17019.24023,17151.28906,17151.28906,11400
26-04-2012,17191.01953,17193.25,17084.05078,17130.66992,17130.66992,10800
27-04-2012,17145.39063,17242.15039,17022.08984,17134.25,17134.25,11000
30-04-2012,17195.50977,17359.17969,17187.33984,17318.81055,17318.81055,8400
02-05-2012,17370.92969,17432.33008,17265.48047,17301.91016,17301.91016,9400
03-05-2012,17271.76953,17301.91016,17120.85938,17151.18945,17151.18945,8600
04-05-2012,17066.83984,17151.18945,16776.7207,16831.08008,16831.08008,11000
07-05-2012,16620.43945,16944.13086,16513.76953,16912.71094,16912.71094,11400
08-05-2012,16915.71094,16918.31055,16502.91016,16546.17969,16546.17969,12800
09-05-2012,16436.41016,16615.74023,16422.92969,16479.58008,16479.58008,12400
10-05-2012,16515.61914,16671.81055,16377.01953,16420.05078,16420.05078,10800
11-05-2012,16355.58984,16447.24023,16233.75977,16292.98047,16292.98047,11200
14-05-2012,16318.36035,16390.33008,16124.82031,16215.83984,16215.83984,11000
15-05-2012,16146.90039,16370.12012,16123.04004,16328.25,16328.25,11400
16-05-2012,16132.67969,16328.25,15974.59961,16030.08984,16030.08984,12800
17-05-2012,16119.08008,16240.17969,16007.91992,16070.48047,16070.48047,12800
18-05-2012,15868.07031,16206.34961,15809.70996,16152.75,16152.75,14000
21-05-2012,16187.66016,16298.38965,16149.61035,16183.25977,16183.25977,10400
22-05-2012,16344.33984,16366.71973,16000.83984,16026.41016,16026.41016,11600
23-05-2012,15995.13965,16026.41016,15847.03027,15948.09961,15948.09961,11400
24-05-2012,16033.90039,16252.37012,15934.76953,16222.29981,16222.29981,11000
25-05-2012,16213.24023,16273.48047,16118.34961,16217.82031,16217.82031,9400
28-05-2012,16289.82031,16439.9707,16217.82031,16416.83984,16416.83984,8000
29-05-2012,16500.03906,16544.38086,16410.21094,16438.58008,16438.58008,8600
30-05-2012,16391.90039,16438.58008,16295.30957,16312.15039,16312.15039,13800
31-05-2012,16224.86035,16312.15039,16086.05957,16218.53027,16218.53027,16000
01-06-2012,16217.48047,16226.19043,15933.48047,15965.16016,15965.16016,12200
04-06-2012,15808.87988,16012.83984,15748.98047,15988.40039,15988.40039,12200
05-06-2012,16065.37012,16138.29004,15979.76953,16020.63965,16020.63965,10800
06-06-2012,16100.36035,16494.5,16100.36035,16454.30078,16454.30078,13600
07-06-2012,16578.00977,16680.58984,16519.89063,16649.05078,16649.05078,11400
08-06-2012,16611.51953,16767.76953,16485.01953,16718.86914,16718.86914,11800
11-06-2012,16804.89063,16893.81055,16627.48047,16668.00977,16668.00977,8800
12-06-2012,16570.50977,16897.41992,16553.4707,16862.80078,16862.80078,9800
13-06-2012,16865.7207,16944.10938,16792.86914,16880.50977,16880.50977,9800
14-06-2012,16857.23047,16921.49023,16658.98047,16677.88086,16677.88086,9200
15-06-2012,16701.2793,16967.75977,16701.2793,16949.83008,16949.83008,10400
18-06-2012,17039.53906,17109.94922,16636.08984,16705.83008,16705.83008,11400
19-06-2012,16681.89063,16890,16681.89063,16859.80078,16859.80078,9800
20-06-2012,16903.96094,16962.49023,16840.09961,16896.63086,16896.63086,9200
21-06-2012,16855.59961,17050.43945,16799.63086,17032.56055,17032.56055,10800
22-06-2012,16882.74023,17016.06055,16807.80078,16972.50977,16972.50977,11800
25-06-2012,17038.76953,17131.15039,16853.05078,16882.16016,16882.16016,10600
26-06-2012,16873.08984,16946.66016,16815.86914,16906.58008,16906.58008,7400
27-06-2012,16975.75977,17029.26953,16930.80078,16967.75977,16967.75977,6800
28-06-2012,16985.58008,17033.84961,16918.86914,16990.75977,16990.75977,8800
29-06-2012,17134.60938,17448.48047,17134.60938,17429.98047,17429.98047,13000
02-07-2012,17438.67969,17486.57031,17363.03906,17398.98047,17398.98047,8600
03-07-2012,17457.94922,17526.82031,17351.5,17425.71094,17425.71094,9400
04-07-2012,17473.25977,17523.76953,17372.44922,17462.81055,17462.81055,10200
05-07-2012,17478.16016,17562.89063,17423.44922,17538.66992,17538.66992,8200
06-07-2012,17546.03906,17554.55078,17425.4707,17521.11914,17521.11914,8000
09-07-2012,17449.92969,17485.78906,17343.55078,17391.98047,17391.98047,7200
10-07-2012,17431.67969,17631.18945,17424.28906,17618.34961,17618.34961,8800
11-07-2012,17553.9707,17582.99023,17466.99023,17489.14063,17489.14063,7800
12-07-2012,17297.06055,17329.46094,17181.16992,17232.55078,17232.55078,11800
13-07-2012,17269.19922,17342.88086,17182.28906,17213.69922,17213.69922,7600
16-07-2012,17241.98047,17282.30078,17079.63086,17103.31055,17103.31055,7600
17-07-2012,17176.92969,17236.08008,17074.63086,17105.30078,17105.30078,9200
18-07-2012,17113.36914,17205.25977,17038.58984,17185.00977,17185.00977,17600
19-07-2012,17288.33984,17318.92969,17244.75977,17278.84961,17278.84961,8000
20-07-2012,17275.19922,17275.19922,17129.68945,17158.43945,17158.43945,6400
23-07-2012,17047.73047,17047.73047,16849.2793,16877.34961,16877.34961,8000
24-07-2012,16907.74023,16962.74023,16839.69922,16918.08008,16918.08008,12400
25-07-2012,16899.00977,16899.00977,16736.59961,16846.05078,16846.05078,10800
26-07-2012,16887.83984,16899.76953,16598.48047,16639.82031,16639.82031,12800
27-07-2012,16860.16016,16975.0293,16760.7207,16839.18945,16839.18945,11400
30-07-2012,16919.14063,17163.94922,16919.14063,17143.67969,17143.67969,8000
31-07-2012,17186.60938,17253.66992,17004.08984,17236.17969,17236.17969,10400
01-08-2012,17244.43945,17291.99023,17189.16016,17257.38086,17257.38086,9200
02-08-2012,17245.67969,17246.00977,17157.2793,17224.35938,17224.35938,15200
03-08-2012,17164.48047,17208.35938,17026.9707,17197.92969,17197.92969,7600
06-08-2012,17313.05078,17451.5293,17313.05078,17412.96094,17412.96094,6600
07-08-2012,17456.36914,17641.55078,17417.91992,17601.7793,17601.7793,12000
08-08-2012,17638.5293,17726.64063,17582.66016,17600.56055,17600.56055,14400
09-08-2012,17612.08008,17702.98047,17516.99023,17560.86914,17560.86914,14600
10-08-2012,17515.41992,17590.60938,17471.36914,17557.74023,17557.74023,13600
13-08-2012,17551.68945,17642.38086,17522.09961,17633.44922,17633.44922,9000
14-08-2012,17631.64063,17753.42969,17572.33984,17728.19922,17728.19922,10000
16-08-2012,17752.2207,17763.58984,17640.61914,17657.21094,17657.21094,8800
17-08-2012,17701.19922,17801.39063,17622.61914,17691.08008,17691.08008,9800
21-08-2012,17705.14063,17898.34961,17705.14063,17885.25977,17885.25977,9200
22-08-2012,17827.25,17912.08008,17800.28906,17846.85938,17846.85938,8800
23-08-2012,17856.28906,17972.53906,17792.86914,17850.2207,17850.2207,9200
24-08-2012,17790.25,17822.5,17725.41992,17783.21094,17783.21094,8200
27-08-2012,17769.43945,17820.07031,17662.21094,17678.81055,17678.81055,7400
28-08-2012,17676.13086,17712.34961,17570.71094,17631.71094,17631.71094,9600
29-08-2012,17651.14063,17653.90039,17471.13086,17490.81055,17490.81055,9600
30-08-2012,17433.5,17605.50977,17367.55078,17541.64063,17541.64063,10000
31-08-2012,17557.61914,17557.61914,17337.60938,17380.75,17380.75,10600
03-09-2012,17465.59961,17509.99023,17349.57031,17384.40039,17384.40039,12600
04-09-2012,17378.67969,17452.69922,17308.26953,17440.86914,17440.86914,6600
05-09-2012,17359.96094,17411.66992,17250.80078,17313.33984,17313.33984,11400
06-09-2012,17320.73047,17418.40039,17294.74023,17346.26953,17346.26953,10000
07-09-2012,17575.78906,17701.19922,17575.78906,17683.73047,17683.73047,9600
08-09-2012,null,null,null,null,null,null
10-09-2012,17780.92969,17810.90039,17728.11914,17766.7793,17766.7793,8200
11-09-2012,17711.80078,17867.84961,17677.38086,17852.94922,17852.94922,8200
12-09-2012,17916.13086,18012.89063,17884.96094,18000.0293,18000.0293,11400
13-09-2012,18023.94922,18062.67969,17976.2793,18021.16016,18021.16016,8000
14-09-2012,18284.75,18498.53906,18284.75,18464.26953,18464.26953,16800
17-09-2012,18619.90039,18715.0293,18480.53906,18542.31055,18542.31055,20200
18-09-2012,18514.7207,18580.48047,18469.50977,18496.00977,18496.00977,9600
20-09-2012,18292.2207,18443.91992,18291.92969,18349.25,18349.25,8800
21-09-2012,18411.19922,18866.86914,18411.19922,18752.83008,18752.83008,15000
24-09-2012,18756.31055,18811.13086,18650.42969,18673.33984,18673.33984,15000
25-09-2012,18708.00977,18790.00977,18636.16016,18694.41016,18694.41016,10600
26-09-2012,18644.53906,18670.48047,18573.17969,18632.16992,18632.16992,10400
27-09-2012,18659.75,18735.94922,18552.67969,18579.5,18579.5,10400
28-09-2012,18704.98047,18869.93945,18698.50977,18762.74023,18762.74023,11400
01-10-2012,18784.64063,18838.53906,18745.2793,18823.91016,18823.91016,8200
03-10-2012,18841.49023,18905.61914,18816.57031,18869.68945,18869.68945,8400
04-10-2012,18939.75,19107.03906,18939.75,19058.15039,19058.15039,11600
05-10-2012,19115.89063,19137.28906,18757.33984,18938.46094,18938.46094,39400
08-10-2012,18969.18945,18969.18945,18684.40039,18708.98047,18708.98047,9400
09-10-2012,18796.25,18885.83984,18722.05078,18793.35938,18793.35938,8200
10-10-2012,18699.18945,18740.63086,18614.36914,18631.09961,18631.09961,7200
11-10-2012,18627.36914,18847.81055,18581.49023,18804.75,18804.75,9400
12-10-2012,18727.09961,18844.34961,18638.33984,18675.17969,18675.17969,9000
15-10-2012,18690.99023,18726.38086,18596.65039,18713.55078,18713.55078,6000
16-10-2012,18784.75,18801.09961,18549.2793,18577.69922,18577.69922,7600
17-10-2012,18667.7207,18705.18945,18535.36914,18610.76953,18610.76953,7000
18-10-2012,18653.59961,18806.56055,18576.41016,18791.92969,18791.92969,8200
19-10-2012,18768,18769.58984,18611.75977,18682.31055,18682.31055,8000
22-10-2012,18655.92969,18809.2793,18600.88086,18793.43945,18793.43945,7000
23-10-2012,18803.61914,18812.92969,18689.38086,18710.01953,18710.01953,6000
25-10-2012,18712.41016,18789.91992,18699.07031,18758.63086,18758.63086,8600
29-10-2012,18656,18743.41016,18572.01953,18635.82031,18635.82031,7600
30-10-2012,18642.00977,18718.2793,18393.41992,18430.84961,18430.84961,9000
31-10-2012,18436.78906,18521.61914,18398.48047,18505.38086,18505.38086,7000
01-11-2012,18487.90039,18589.13086,18445.17969,18561.69922,18561.69922,9000
02-11-2012,18692.15039,18793.75,18687.92969,18755.44922,18755.44922,9200
05-11-2012,18749.36914,18794.63086,18683.25,18762.86914,18762.86914,5600
06-11-2012,18739.9707,18829.07031,18726.93945,18817.38086,18817.38086,7600
07-11-2012,18802.82031,18973.42969,18786.14063,18902.41016,18902.41016,8800
08-11-2012,18779.74023,18865.21094,18736.44922,18846.25977,18846.25977,9800
09-11-2012,18832.75,18894.41992,18656.41016,18683.67969,18683.67969,9600
11-11-2012,null,null,null,null,null,null
12-11-2012,18691.01953,18750.91992,18607.66016,18670.33984,18670.33984,19400
15-11-2012,18590.07031,18593.53906,18408.68945,18471.36914,18471.36914,6200
16-11-2012,18491.49023,18563.32031,18266.75977,18309.36914,18309.36914,7000
19-11-2012,18349.5293,18386.7793,18256.07031,18339,18339,7200
20-11-2012,18422.68945,18467.91016,18255.68945,18329.32031,18329.32031,6600
21-11-2012,18379.90039,18478.5,18309.81055,18460.38086,18460.38086,6800
22-11-2012,18510.93945,18567.67969,18456.19922,18517.33984,18517.33984,6200
23-11-2012,18543.94922,18556.5,18402.38086,18506.57031,18506.57031,6000
26-11-2012,18574.35938,18590.33008,18508.78906,18537.00977,18537.00977,5800
27-11-2012,18616.55078,18862.69922,18616.55078,18842.08008,18842.08008,7600
29-11-2012,18873.63086,19205.33008,18873.63086,19170.91016,19170.91016,11400
30-11-2012,19229.69922,19372.69922,19186.30078,19339.90039,19339.90039,11200
03-12-2012,19342.83008,19416.44922,19257.30078,19305.32031,19305.32031,7200
04-12-2012,19277.58008,19373.93945,19263.71094,19348.11914,19348.11914,8200
05-12-2012,19397.98047,19463.25,19371.00977,19391.85938,19391.85938,9600
06-12-2012,19475.08984,19523.25,19186.24023,19486.80078,19486.80078,10000
07-12-2012,19514.88086,19561.86914,19363.13086,19424.09961,19424.09961,9000
10-12-2012,19442.18945,19478.00977,19362.32031,19409.68945,19409.68945,6800
11-12-2012,19466.28906,19612.17969,19285.28906,19387.14063,19387.14063,7600
12-12-2012,19432.53906,19478.78906,19317.23047,19355.25977,19355.25977,7600
13-12-2012,19403.66016,19421.7207,19196.75,19229.25977,19229.25977,9400
14-12-2012,19217.96094,19348.84961,19193.10938,19317.25,19317.25,11400
17-12-2012,19290.91992,19346.7793,19221.86914,19244.41992,19244.41992,12800
18-12-2012,19293.00977,19396.2793,19149.0293,19364.75,19364.75,14000
19-12-2012,19429.91016,19516.01953,19419.75977,19476,19476,9800
20-12-2012,19511.41016,19520.50977,19335.7207,19453.91992,19453.91992,10400
21-12-2012,19394.55078,19394.55078,19221.11914,19242,19242,9200
24-12-2012,19278,19347.64063,19237.25977,19255.08984,19255.08984,7400
26-12-2012,19302.4707,19468.40039,19274.07031,19417.46094,19417.46094,5800
27-12-2012,19479.83984,19504.40039,19302.21094,19323.80078,19323.80078,7600
28-12-2012,19364.08008,19465.74023,19346.07031,19444.83984,19444.83984,6600
31-12-2012,19422.58984,19491.58008,19406.16992,19426.71094,19426.71094,4800
01-01-2013,null,null,null,null,null,null
02-01-2013,19693.30078,19756.67969,19686.5,19714.24023,19714.24023,7400
03-01-2013,19771.0293,19786.30078,19693.28906,19764.7793,19764.7793,6600
04-01-2013,19782.58984,19797.43945,19679.99023,19784.08008,19784.08008,7000
07-01-2013,19820.56055,19856.42969,19654.46094,19691.41992,19691.41992,7400
08-01-2013,19681.38086,19761.7793,19632.58984,19742.51953,19742.51953,7400
09-01-2013,19770.21094,19824.06055,19627.16016,19666.58984,19666.58984,9600
10-01-2013,19728.01953,19783.75,19596.38086,19663.55078,19663.55078,9200
11-01-2013,19813.64063,19839.80078,19619.83008,19663.64063,19663.64063,10000
14-01-2013,19689.08984,19948.63086,19689.08984,19906.41016,19906.41016,8800
15-01-2013,19999.82031,20036.82031,19881.7793,19986.82031,19986.82031,9600
16-01-2013,19978.18945,20009.35938,19783.01953,19817.63086,19817.63086,8600
17-01-2013,19846.41992,20005.98047,19783.41016,19964.0293,19964.0293,11800
18-01-2013,20038.66992,20126.55078,19990.61914,20039.03906,20039.03906,14600
21-01-2013,20132.83008,20163.38086,20056.46094,20101.82031,20101.82031,11400
22-01-2013,20102.42969,20156.85938,19952.91016,19981.57031,19981.57031,8600
23-01-2013,19997.03906,20058.07031,19920.91016,20026.60938,20026.60938,10200
24-01-2013,20017.19922,20072.2793,19884.19922,19923.7793,19923.7793,12000
25-01-2013,19945.68945,20129.00977,19928.10938,20103.5293,20103.5293,12000
28-01-2013,20129,20172.44922,20062.78906,20103.34961,20103.34961,6800
29-01-2013,20080.31055,20203.66016,19970.05078,19990.90039,19990.90039,9000
30-01-2013,20014.80078,20073.46094,19964.64063,20005,20005,9200
31-01-2013,19987.2793,20008.83008,19865.7207,19894.98047,19894.98047,8400
01-02-2013,19907.21094,19966.68945,19736.44922,19781.18945,19781.18945,16400
04-02-2013,19860.9707,19902.59961,19728.21094,19751.18945,19751.18945,6800
05-02-2013,19665.53906,19717.25977,19631.9707,19659.82031,19659.82031,7800
06-02-2013,19737.76953,19767.25,19611.26953,19639.7207,19639.7207,7200
07-02-2013,19589.43945,19702.56055,19540.08008,19580.32031,19580.32031,9000
08-02-2013,19577.18945,19648.07031,19414.80078,19484.76953,19484.76953,14200
11-02-2013,19517.58984,19543.43945,19416.93945,19460.57031,19460.57031,7200
12-02-2013,19489.86914,19583.5293,19438.5293,19561.03906,19561.03906,6800
13-02-2013,19601.68945,19723.00977,19574.15039,19608.08008,19608.08008,8000
14-02-2013,19626.81055,19639.83008,19444.33008,19497.17969,19497.17969,10000
15-02-2013,19449.83008,19512.89063,19381.82031,19468.15039,19468.15039,7600
18-02-2013,19496.25,19554.48047,19462.91992,19501.08008,19501.08008,6000
19-02-2013,19523.69922,19671.16992,19457.21094,19635.7207,19635.7207,5800
20-02-2013,19717.93945,19742.41992,19619.89063,19642.75,19642.75,6800
21-02-2013,19549.05078,19554.65039,19289.69922,19325.35938,19325.35938,12400
22-02-2013,19341.90039,19401.75,19289.83008,19317.00977,19317.00977,7600
25-02-2013,19365.33008,19411.17969,19237.98047,19331.68945,19331.68945,7800
26-02-2013,19290.66016,19293.49023,18976.93945,19015.14063,19015.14063,9200
27-02-2013,19090.32031,19213.01953,18997.82031,19152.41016,19152.41016,8400
28-02-2013,19264.80078,19322.2793,18793.9707,18861.53906,18861.53906,14800
01-03-2013,18876.67969,18988.9707,18820.90039,18918.51953,18918.51953,8400
04-03-2013,18920.90039,18930.85938,18760.41016,18877.96094,18877.96094,7600
05-03-2013,18943.61914,19164.03906,18943.61914,19143.16992,19143.16992,9400
06-03-2013,19254.19922,19293.39063,19195.4707,19252.60938,19252.60938,9400
07-03-2013,19222.05078,19465.51953,19212.91992,19413.53906,19413.53906,8800
08-03-2013,19478.66992,19706.0293,19477.60938,19683.23047,19683.23047,10000
11-03-2013,19679.88086,19754.66016,19602.71094,19646.21094,19646.21094,7400
12-03-2013,19675.81055,19697.83984,19505.75,19564.91992,19564.91992,7600
13-03-2013,19511.9707,19511.9707,19338.51953,19362.55078,19362.55078,8200
14-03-2013,19367.25977,19604.69922,19179.33008,19570.43945,19570.43945,11200
15-03-2013,19570.00977,19673.16016,19383.13086,19427.56055,19427.56055,10200
18-03-2013,19282.63086,19345.41992,19232.23047,19293.19922,19293.19922,7400
19-03-2013,19345.91016,19378.60938,18939.4707,19008.09961,19008.09961,12600
20-03-2013,19026.46094,19028.08984,18836.76953,18884.18945,18884.18945,11000
21-03-2013,18926.21094,19082.28906,18756.65039,18792.86914,18792.86914,12400
22-03-2013,18784.92969,18859.82031,18669.19922,18735.59961,18735.59961,13600
25-03-2013,18894.13086,18950.2207,18654.60938,18681.41992,18681.41992,12200
26-03-2013,18645.08984,18758.88086,18612.36914,18704.5293,18704.5293,12000
28-03-2013,18702.46094,18882.53906,18568.42969,18835.76953,18835.76953,14600
01-04-2013,18890.81055,18959.48047,18796.59961,18864.75,18864.75,8400
02-04-2013,18863.82031,19060.50977,18826.5293,19040.94922,19040.94922,8200
03-04-2013,19034,19035.19922,18721.7207,18801.64063,18801.64063,7800
04-04-2013,18731.38086,18733.61914,18473.84961,18509.69922,18509.69922,8400
05-04-2013,18493.66992,18525.44922,18389.28906,18450.23047,18450.23047,8000
08-04-2013,18455.80078,18504.48047,18402.92969,18437.7793,18437.7793,7600
09-04-2013,18481.4707,18565.56055,18206.60938,18226.48047,18226.48047,10600
10-04-2013,18355.14063,18461.43945,18173.31055,18414.44922,18414.44922,8000
11-04-2013,18577.51953,18599.14063,18397.93945,18542.19922,18542.19922,8400
12-04-2013,18275.66016,18337.91016,18186.09961,18242.56055,18242.56055,9400
15-04-2013,18196.08984,18424.40039,18144.2207,18357.80078,18357.80078,9200
16-04-2013,18356.32031,18771.33008,18325.73047,18744.92969,18744.92969,9400
17-04-2013,18773.44922,18869.88086,18673.43945,18731.16016,18731.16016,11000
18-04-2013,18695.33984,19058.80078,18691.60938,19016.46094,19016.46094,10000
22-04-2013,18989.7793,19204.90039,18989.7793,19169.83008,19169.83008,8600
23-04-2013,19210.25977,19210.25977,19042.08008,19179.35938,19179.35938,8400
25-04-2013,19192.10938,19434.84961,19192.10938,19406.84961,19406.84961,10200
26-04-2013,19376,19384.94922,19249.75,19286.7207,19286.7207,9600
29-04-2013,19306.66992,19428.93945,19284.40039,19387.5,19387.5,9200
30-04-2013,19492.83008,19622.67969,19317.38086,19504.17969,19504.17969,13400
02-05-2013,19459.33008,19792,19451.25977,19735.76953,19735.76953,9400
03-05-2013,19707.94922,19744.84961,19542.63086,19575.64063,19575.64063,11600
06-05-2013,19571.66016,19694.28906,19554.31055,19673.64063,19673.64063,7800
07-05-2013,19697.33008,19917.88086,19697.33008,19888.94922,19888.94922,8200
08-05-2013,19950.2207,20037.26953,19851.2207,19990.17969,19990.17969,6200
09-05-2013,20015.85938,20058.48047,19903.83008,19939.03906,19939.03906,5800
10-05-2013,19911.08008,20119.14063,19908.80078,20082.61914,20082.61914,8000
13-05-2013,20073.41016,20109.08008,19667.39063,19691.66992,19691.66992,6600
14-05-2013,19715.80078,19831.78906,19652.68945,19722.28906,19722.28906,7200
15-05-2013,19798.17969,20241.96094,19798.17969,20212.96094,20212.96094,9200
16-05-2013,20167.92969,20326.48047,20162.11914,20247.33008,20247.33008,9600
17-05-2013,20267.59961,20328.18945,20155.00977,20286.11914,20286.11914,8000
20-05-2013,20277.75977,20443.61914,20186.66016,20223.98047,20223.98047,6800
21-05-2013,20227.16992,20308.03906,20072.67969,20111.60938,20111.60938,15600
22-05-2013,20150.68945,20220.34961,20000.85938,20062.24023,20062.24023,7600
23-05-2013,19971.36914,20027.56055,19634.78906,19674.33008,19674.33008,15600
24-05-2013,19765.32031,19833.14063,19568.49023,19704.33008,19704.33008,11000
27-05-2013,19750.66992,20083.4707,19678.31055,20030.76953,20030.76953,8200
28-05-2013,20056.2793,20209.82031,19963.23047,20160.82031,20160.82031,8600
29-05-2013,20202.50977,20216.49023,20044.74023,20147.64063,20147.64063,8000
30-05-2013,20066.93945,20254.0293,20066.14063,20215.40039,20215.40039,9600
31-05-2013,20186.66992,20191.28906,19730.55078,19760.30078,19760.30078,9400
03-06-2013,19859.2207,19860.18945,19541.9707,19610.48047,19610.48047,7400
04-06-2013,19605.67969,19742.69922,19522.4707,19545.7793,19545.7793,6000
05-06-2013,19532.41992,19604.42969,19441.34961,19568.2207,19568.2207,5600
06-06-2013,19503.67969,19635.36914,19395.32031,19519.49023,19519.49023,6600
07-06-2013,19522.31055,19711.55078,19397.50977,19429.23047,19429.23047,7000
10-06-2013,19530.34961,19585.75,19366.82031,19441.07031,19441.07031,6400
11-06-2013,19382.2207,19418.74023,19121.17969,19143,19143,14200
12-06-2013,19103.96094,19143.24023,18969.08008,19041.13086,19041.13086,10800
13-06-2013,18897.49023,18914.13086,18765.5293,18827.16016,18827.16016,13200
14-06-2013,18959.83008,19213.09961,18952.08984,19177.92969,19177.92969,10400
17-06-2013,19249.90039,19344.2793,19084.67969,19325.86914,19325.86914,7000
18-06-2013,19329.16992,19383.60938,19191.36914,19223.2793,19223.2793,8600
19-06-2013,19224.08984,19274.25977,19100.13086,19245.69922,19245.69922,10400
20-06-2013,19069.19922,19069.19922,18687.18945,18719.28906,18719.28906,14200
21-06-2013,18695.80078,18820.81055,18615.14063,18774.24023,18774.24023,14600
24-06-2013,18714.06055,18714.06055,18467.16016,18540.89063,18540.89063,11200
25-06-2013,18602.25,18802.31055,18487.30078,18629.15039,18629.15039,10800
26-06-2013,18662.36914,18690.5,18514.34961,18552.11914,18552.11914,9200
27-06-2013,18716.10938,18925.75,18688.2793,18875.94922,18875.94922,10000
28-06-2013,19093.17969,19432.93945,19093.17969,19395.81055,19395.81055,14000
01-07-2013,19352.48047,19598.42969,19347.57031,19577.39063,19577.39063,8600
02-07-2013,19573.92969,19589.14063,19442.75,19463.82031,19463.82031,9200
03-07-2013,19347.10938,19347.10938,19147.31055,19177.75977,19177.75977,9600
04-07-2013,19256.11914,19445.01953,19245.00977,19410.83984,19410.83984,9600
05-07-2013,19568.78906,19640.26953,19477.74023,19495.82031,19495.82031,10000
08-07-2013,19418.98047,19422.68945,19185.91992,19324.76953,19324.76953,8400
09-07-2013,19399.36914,19486,19380.25,19439.48047,19439.48047,6600
10-07-2013,19482.66016,19505.92969,19237.91016,19294.11914,19294.11914,7800
11-07-2013,19468.46094,19723.50977,19468.46094,19676.06055,19676.06055,8400
12-07-2013,19898.68945,19991.93945,19785.58984,19958.4707,19958.4707,7600
15-07-2013,19926.09961,20072.43945,19883.18945,20034.48047,20034.48047,7000
16-07-2013,19788.08984,19890.63086,19649.58008,19851.23047,19851.23047,8000
17-07-2013,19928.94922,19983.2207,19778.53906,19948.73047,19948.73047,10400
18-07-2013,19999.50977,20176.90039,19956.19922,20128.41016,20128.41016,9800
19-07-2013,20213.44922,20256.59961,20111.13086,20149.84961,20149.84961,11600
22-07-2013,20096.71094,20264.90039,20065.68945,20159.11914,20159.11914,9400
23-07-2013,20249.98047,20351.06055,20249.98047,20302.13086,20302.13086,7800
24-07-2013,20200.19922,20252.69922,19994.25,20090.67969,20090.67969,8000
25-07-2013,20062,20110.81055,19763.90039,19804.75977,19804.75977,12800
26-07-2013,19892.4707,19907.44922,19699.75977,19748.18945,19748.18945,11000
29-07-2013,19714.41992,19751.0293,19570.86914,19593.2793,19593.2793,9900
30-07-2013,19577.75,19672.7207,19328.53906,19348.33984,19348.33984,9500
31-07-2013,19304.07031,19387.5,19126.82031,19345.69922,19345.69922,13900
01-08-2013,19443.28906,19569.19922,19170.46094,19317.18945,19317.18945,10600
02-08-2013,19399.55078,19451.69922,19078.7207,19164.01953,19164.01953,8600
05-08-2013,19178.06055,19306.50977,19141.67969,19182.25977,19182.25977,12000
06-08-2013,19127.09961,19131.91992,18667.30078,18733.03906,18733.03906,13800
07-08-2013,18758.5293,18811.46094,18551.34961,18664.88086,18664.88086,12800
08-08-2013,18687.30078,18829.25977,18621.66992,18789.33984,18789.33984,11900
12-08-2013,18898.93945,19066.9707,18796.00977,18946.98047,18946.98047,11700
13-08-2013,18895.25977,19248.10938,18864.81055,19229.83984,19229.83984,11900
14-08-2013,19299.41992,19392.56055,19203.63086,19367.58984,19367.58984,14700
16-08-2013,19297.10938,19310.94922,18559.65039,18598.17969,18598.17969,14300
19-08-2013,18587.38086,18587.38086,18139.15039,18307.51953,18307.51953,14300
20-08-2013,18142.83008,18306.46094,17970.98047,18246.03906,18246.03906,18200
21-08-2013,18545.43945,18567.69922,17807.18945,17905.91016,17905.91016,17400
22-08-2013,17896.83984,18349.82031,17759.58984,18312.93945,18312.93945,19800
23-08-2013,18386.5293,18546.59961,18210.75,18519.43945,18519.43945,19200
26-08-2013,18602.56055,18728.18945,18488.92969,18558.13086,18558.13086,17200
27-08-2013,18460.7207,18460.7207,17921.82031,17968.08008,17968.08008,17800
28-08-2013,17851.43945,18101.83984,17448.71094,17996.15039,17996.15039,21400
29-08-2013,18073.66016,18455.66016,18071.2207,18401.03906,18401.03906,18600
30-08-2013,18424.7207,18679.25977,18272.75977,18619.7207,18619.7207,18600
02-09-2013,18691.83008,18942.06055,18678.92969,18886.13086,18886.13086,10800
03-09-2013,19002.76953,19007.31055,18166.16992,18234.66016,18234.66016,19400
04-09-2013,18314.67969,18612.59961,18188.42969,18567.55078,18567.55078,14400
05-09-2013,18857.59961,19117.51953,18847.01953,18979.75977,18979.75977,13800
06-09-2013,19072.01953,19293.96094,18929.38086,19270.06055,19270.06055,15600
10-09-2013,19448.39063,20012.68945,19444.66016,19997.09961,19997.09961,17800
11-09-2013,19999.76953,20055.5293,19777.63086,19997.44922,19997.44922,15700
12-09-2013,20046.05078,20052.05078,19676.49023,19781.88086,19781.88086,11900
13-09-2013,19744.53906,19899.36914,19675.67969,19732.75977,19732.75977,10600
16-09-2013,19977.38086,20086.42969,19596.15039,19742.4707,19742.4707,11200
17-09-2013,19721.90039,19819.09961,19635.43945,19804.0293,19804.0293,9900
18-09-2013,19865.99023,20013.33008,19775.28906,19962.16016,19962.16016,9300
19-09-2013,20354.73047,20739.68945,20347.30078,20646.64063,20646.64063,18300
20-09-2013,20616.34961,20677.99023,20051.42969,20263.71094,20263.71094,13500
23-09-2013,20060.82031,20199.81055,19826.30078,19900.96094,19900.96094,11100
24-09-2013,19820.0293,20050.41992,19782.7793,19920.21094,19920.21094,10700
25-09-2013,19947.42969,19978.49023,19658.74023,19856.24023,19856.24023,13900
26-09-2013,19853.66016,19997.2793,19826.99023,19893.84961,19893.84961,14900
27-09-2013,19951.73047,19981.57031,19674.38086,19727.26953,19727.26953,11800
30-09-2013,19643.89063,19651.31055,19320.73047,19379.76953,19379.76953,10000
01-10-2013,19452.05078,19532.91016,19264.7207,19517.15039,19517.15039,9200
03-10-2013,19585.78906,19929.24023,19583.9707,19902.07031,19902.07031,15700
04-10-2013,19870,20052,19833.16992,19915.94922,19915.94922,12900
07-10-2013,19880.93945,19921.38086,19647.88086,19895.09961,19895.09961,12300
08-10-2013,20094.21094,20150.26953,19936.7207,19983.60938,19983.60938,10900
09-10-2013,19918.19922,20277.74023,19826.96094,20249.25977,20249.25977,10200
10-10-2013,20228.75977,20323.76953,20135.91016,20272.91016,20272.91016,10400
11-10-2013,20535.90039,20559.68945,20368.06055,20528.58984,20528.58984,11700
14-10-2013,20534.60938,20645.93945,20497.88086,20607.53906,20607.53906,8900
15-10-2013,20722.90039,20759.58008,20446.73047,20547.61914,20547.61914,13600
17-10-2013,20579.56055,20629.80078,20375.41992,20415.50977,20415.50977,10300
18-10-2013,20486.7793,20932.23047,20486.7793,20882.89063,20882.89063,15700
21-10-2013,20915.75977,20970.91992,20768.99023,20893.89063,20893.89063,12200
22-10-2013,20863.15039,20948.91016,20810.25,20864.9707,20864.9707,10700
23-10-2013,20875.31055,20922.32031,20589.7207,20767.88086,20767.88086,11200
24-10-2013,20766.05078,21039.41992,20656.69922,20725.42969,20725.42969,8200
25-10-2013,20725.51953,20782.16016,20622.55078,20683.51953,20683.51953,9600
28-10-2013,20696.50977,20771.35938,20550.64063,20570.2793,20570.2793,8100
29-10-2013,20593.49023,20952.55078,20493.66016,20929.00977,20929.00977,11300
30-10-2013,20944.14063,21086.58984,20937.11914,21033.9707,21033.9707,10400
31-10-2013,21000.59961,21205.43945,20991.98047,21164.51953,21164.51953,11900
01-11-2013,21158.81055,21293.88086,21141.32031,21196.81055,21196.81055,10000
05-11-2013,21134.09961,21158.56055,20951.71094,20974.78906,20974.78906,11900
06-11-2013,21004.53906,21045.38086,20861.41992,20894.93945,20894.93945,10900
07-11-2013,20896.13086,21142.84961,20797.06055,20822.76953,20822.76953,11900
08-11-2013,20785.19922,20821.00977,20600.90039,20666.15039,20666.15039,10700
11-11-2013,20596.40039,20672.5293,20453.15039,20490.96094,20490.96094,10300
12-11-2013,20510.31055,20584.2207,20262.2207,20281.91016,20281.91016,10200
13-11-2013,20248.51953,20365.58984,20161.64063,20194.40039,20194.40039,9000
14-11-2013,20351.39063,20568.99023,20348.26953,20399.41992,20399.41992,12600
18-11-2013,20570.58984,20868.75977,20570.58984,20850.74023,20850.74023,10900
19-11-2013,20870.16016,20934.40039,20828.68945,20890.82031,20890.82031,11400
20-11-2013,20857.00977,20895.30078,20579.93945,20635.13086,20635.13086,8900
21-11-2013,20579.25977,20579.25977,20189.23047,20229.05078,20229.05078,8100
22-11-2013,20316.58008,20388.11914,20137.66992,20217.39063,20217.39063,10600
25-11-2013,20326.66016,20626.15039,20326.66016,20605.08008,20605.08008,8200
26-11-2013,20604.26953,20604.26953,20390.61914,20425.01953,20425.01953,10500
27-11-2013,20449,20482.66992,20348.06055,20420.25977,20420.25977,7000
28-11-2013,20522.35938,20606.38086,20461.50977,20534.91016,20534.91016,9000
29-11-2013,20558.92969,20819.76953,20558.92969,20791.92969,20791.92969,11200
02-12-2013,20771.26953,20941,20770.50977,20898.00977,20898.00977,9600
03-12-2013,20857.84961,20927.05078,20817.75,20854.91992,20854.91992,12000
04-12-2013,20839.44922,20863.36914,20673.61914,20708.71094,20708.71094,12200
05-12-2013,20992.25,21165.59961,20929.19922,20957.81055,20957.81055,11900
06-12-2013,20955.74023,21049.83984,20922.44922,20996.5293,20996.5293,10100
09-12-2013,21416.66992,21483.74023,21282.64063,21326.41992,21326.41992,13400
10-12-2013,21293.58008,21327.75,21175.08008,21255.25977,21255.25977,17300
11-12-2013,21191.26953,21215.93945,21069.44922,21171.41016,21171.41016,10600
12-12-2013,21101.05078,21103.80078,20901.4707,20925.60938,20925.60938,9100
13-12-2013,20867.16992,20867.16992,20692.66992,20715.58008,20715.58008,9500
16-12-2013,20714.25977,20764.51953,20637.76953,20659.51953,20659.51953,10300
17-12-2013,20732.43945,20784.0293,20594.99023,20612.14063,20612.14063,8300
18-12-2013,20568.69922,20917.57031,20568.69922,20859.85938,20859.85938,8400
19-12-2013,20959.80078,21017.44922,20646.0293,20708.61914,20708.61914,10300
20-12-2013,20792.36914,21117.99023,20745.93945,21079.7207,21079.7207,9100
23-12-2013,21080.53906,21207.89063,21059.11914,21101.0293,21101.0293,6700
24-12-2013,21127.66016,21156.91992,21010.65039,21032.71094,21032.71094,5800
26-12-2013,21051,21135.84961,21013.14063,21074.58984,21074.58984,7300
27-12-2013,21114.49023,21235.14063,21113.25,21193.58008,21193.58008,5500
30-12-2013,21260.15039,21304.69922,21089.21094,21143.00977,21143.00977,6100
31-12-2013,21177.76953,21230.88086,21122.67969,21170.67969,21170.67969,5000
01-01-2014,21222.18945,21244.34961,21133.82031,21140.48047,21140.48047,4000
02-01-2014,21179.91016,21331.32031,20846.66992,20888.33008,20888.33008,9300
03-01-2014,20819.58008,20885.17969,20731.33008,20851.33008,20851.33008,9300
06-01-2014,20913.78906,20913.78906,20721.98047,20787.30078,20787.30078,7600
07-01-2014,20845.76953,20890.48047,20637.17969,20693.24023,20693.24023,8100
08-01-2014,20767.41992,20786.41016,20688.17969,20729.38086,20729.38086,8000
09-01-2014,20755.73047,20778.13086,20652.68945,20713.36914,20713.36914,9000
10-01-2014,20760.7207,20971.23047,20625.16992,20758.49023,20758.49023,10400
13-01-2014,20850.53906,21169.08008,20850.53906,21134.21094,21134.21094,7900
14-01-2014,21115,21154.75977,21009.05078,21032.88086,21032.88086,5600
15-01-2014,21091.46094,21302.73047,21091.46094,21289.49023,21289.49023,9400
16-01-2014,21366.91016,21379.28906,21199.65039,21265.17969,21265.17969,13400
17-01-2014,21236.65039,21270.10938,21015.60938,21063.61914,21063.61914,12000
20-01-2014,21083.5293,21221.36914,21001.13086,21205.05078,21205.05078,6000
21-01-2014,21237.96094,21302.51953,21189.19922,21251.11914,21251.11914,9400
22-01-2014,21251.65039,21377.91016,21168.42969,21337.66992,21337.66992,13400
23-01-2014,21319.68945,21409.66016,21264.71094,21373.66016,21373.66016,6500
24-01-2014,21289.15039,21333.66016,21123.99023,21133.56055,21133.56055,10800
27-01-2014,20899.0293,20899.0293,20688.0293,20707.44922,20707.44922,10100
28-01-2014,20721.16992,20795.34961,20554.2793,20683.50977,20683.50977,8200
29-01-2014,20784.03906,20828.67969,20613.61914,20647.30078,20647.30078,7800
30-01-2014,20491.74023,20528.41016,20343.7793,20498.25,20498.25,12600
31-01-2014,20544.64063,20572.32031,20448.42969,20513.84961,20513.84961,6100
03-02-2014,20479.0293,20480.34961,20182.19922,20209.25977,20209.25977,5700
04-02-2014,20050.99023,20255.51953,19963.11914,20211.92969,20211.92969,9800
05-02-2014,20241.11914,20289.33008,20076.09961,20261.0293,20261.0293,9300
06-02-2014,20286.08984,20358.18945,20079.82031,20310.74023,20310.74023,12400
07-02-2014,20441.03906,20450.50977,20282.30078,20376.56055,20376.56055,11100
10-02-2014,20429.16016,20434.5,20312.21094,20334.26953,20334.26953,7900
11-02-2014,20400.93945,20443.34961,20349.50977,20363.36914,20363.36914,9400
12-02-2014,20449.83008,20516.59961,20427.23047,20448.49023,20448.49023,10100
13-02-2014,20478.66992,20503.85938,20164.66992,20193.34961,20193.34961,7900
14-02-2014,20265.13086,20391.94922,20149.00977,20366.82031,20366.82031,8300
17-02-2014,20438.86914,20492.42969,20338.94922,20464.06055,20464.06055,6100
18-02-2014,20457.56055,20685.01953,20436.48047,20634.21094,20634.21094,9400
19-02-2014,20643.84961,20750.51953,20629.56055,20722.9707,20722.9707,4700
20-02-2014,20661.07031,20662.66016,20522.03906,20536.64063,20536.64063,6000
21-02-2014,20600.58008,20725.03906,20599.91016,20700.75,20700.75,6300
24-02-2014,20695.48047,20828.63086,20637.30078,20811.43945,20811.43945,12500
25-02-2014,20877.7207,20912.53906,20777.73047,20852.4707,20852.4707,9500
26-02-2014,20869.60938,21005.03906,20860.01953,20986.99023,20986.99023,8500
28-02-2014,20995.39063,21140.50977,20989.66016,21120.11914,21120.11914,11400
03-03-2014,21079.26953,21140,20920.98047,20946.65039,20946.65039,121600
04-03-2014,20947,21224.64063,20940.39063,21209.73047,21209.73047,9700
05-03-2014,21280.35938,21333.19922,21176.16016,21276.85938,21276.85938,7500
06-03-2014,21336.32031,21525.14063,21329.88086,21513.86914,21513.86914,9700
07-03-2014,21539.43945,21960.89063,21539.43945,21919.78906,21919.78906,15200
10-03-2014,21819.18945,22023.98047,21805.2207,21934.83008,21934.83008,15500
11-03-2014,21918.83008,22018.51953,21772.10938,21826.41992,21826.41992,12000
12-03-2014,21793.32031,21965.94922,21768.14063,21856.2207,21856.2207,10400
13-03-2014,21736.60938,21991.35938,21720.13086,21774.60938,21774.60938,9500
14-03-2014,21648.05078,21853.32031,21573.48047,21809.80078,21809.80078,8800
18-03-2014,21849.65039,22040.7207,21785.38086,21832.60938,21832.60938,8600
19-03-2014,21872.67969,21895.83008,21782.00977,21832.85938,21832.85938,11000
20-03-2014,21797.60938,21853.25,21704.66016,21740.08984,21740.08984,7600
21-03-2014,21823.51953,21870.10938,21729.90039,21753.75,21753.75,60600
22-03-2014,null,null,null,null,null,null
24-03-2014,21827.5,22074.33984,21827.5,22055.48047,22055.48047,9000
25-03-2014,21948.31055,22079.96094,21916.86914,22055.21094,22055.21094,7800
26-03-2014,22134.71094,22172.19922,22020.58008,22095.30078,22095.30078,10600
27-03-2014,22116.23047,22307.74023,22094.28906,22214.36914,22214.36914,10400
28-03-2014,22273.43945,22363.9707,22185.10938,22339.9707,22339.9707,9200
31-03-2014,22423.14063,22467.21094,22253.7793,22386.26953,22386.26953,11200
01-04-2014,22455.23047,22485.76953,22295.65039,22446.43945,22446.43945,11000
02-04-2014,22550.58008,22592.09961,22473.46094,22551.49023,22551.49023,15700
03-04-2014,22598.18945,22620.65039,22369.2793,22509.07031,22509.07031,7400
04-04-2014,22522.46094,22525.21094,22339.40039,22359.5,22359.5,7100
07-04-2014,22355.56055,22481.61914,22197.50977,22343.44922,22343.44922,4700
09-04-2014,22389.21094,22740.03906,22379.94922,22702.33984,22702.33984,8500
10-04-2014,22729.46094,22792.49023,22644.42969,22715.33008,22715.33008,10900
11-04-2014,22642.05078,22679.17969,22526.89063,22628.96094,22628.96094,9500
15-04-2014,22698.08984,22737.31055,22416.24023,22484.92969,22484.92969,8600
16-04-2014,22486.73047,22533.60938,22247.39063,22277.23047,22277.23047,6700
17-04-2014,22327.75977,22648.68945,22312.18945,22628.83984,22628.83984,8500
21-04-2014,22644.75,22795.58008,22636.75,22764.83008,22764.83008,9100
22-04-2014,22771.24023,22853.0293,22727.63086,22758.36914,22758.36914,9000
23-04-2014,22783.65039,22912.51953,22780.13086,22876.53906,22876.53906,7200
24-04-2014,null,null,null,null,null,null
25-04-2014,22892.5,22939.31055,22656.64063,22688.07031,22688.07031,7500
28-04-2014,22717.58984,22721.35938,22597.18945,22631.60938,22631.60938,6900
29-04-2014,22654.2793,22681.89063,22443.56055,22466.18945,22466.18945,7700
30-04-2014,22517.63086,22680.46094,22284.96094,22417.80078,22417.80078,9700
02-05-2014,22493.58984,22575.61914,22386.94922,22403.89063,22403.89063,6300
05-05-2014,22412.80078,22592.0293,22354.44922,22445.11914,22445.11914,11700
06-05-2014,22512.23047,22602.71094,22475.65039,22508.41992,22508.41992,6200
07-05-2014,22488.96094,22532.82031,22286.25977,22323.90039,22323.90039,10800
08-05-2014,22382.14063,22443.13086,22277.03906,22344.03906,22344.03906,6000
09-05-2014,22374.98047,23048.49023,22317.17969,22994.23047,22994.23047,11300
12-05-2014,23031.10938,23572.88086,23008.65039,23551,23551,12400
13-05-2014,23729.7793,24068.93945,23729.25,23871.23047,23871.23047,18200
14-05-2014,23897.88086,23964.66992,23753.35938,23815.11914,23815.11914,11500
15-05-2014,23809.41992,23971.7793,23742.75,23905.59961,23905.59961,14900
16-05-2014,24271.53906,25375.63086,23873.16016,24121.74023,24121.74023,35700
19-05-2014,24340.32031,24448.4707,24107.99023,24363.05078,24363.05078,23500
20-05-2014,24555.31055,24587.16016,24299.5293,24376.88086,24376.88086,19000
21-05-2014,24404.48047,24419.53906,24156.4707,24298.01953,24298.01953,18000
22-05-2014,24415.41992,24524.75977,24326.48047,24374.40039,24374.40039,14500
23-05-2014,24535.14063,24745.85938,24470.7793,24693.34961,24693.34961,21200
26-05-2014,24913.89063,25175.2207,24433.90039,24716.88086,24716.88086,21900
27-05-2014,24748.09961,24777.31055,24422.33008,24549.50977,24549.50977,12600
28-05-2014,24591.60938,24643.33008,24488.81055,24556.08984,24556.08984,15100
29-05-2014,24523.13086,24528.19922,24206.5,24234.15039,24234.15039,16000
30-05-2014,24300.99023,24353.58984,24163.61914,24217.33984,24217.33984,14900
02-06-2014,24368.96094,24709.08984,24270.19922,24684.84961,24684.84961,14400
03-06-2014,24729.2207,24892.06055,24626.9707,24858.58984,24858.58984,21100
04-06-2014,24909.0293,24925.90039,24773.92969,24805.83008,24805.83008,14800
05-06-2014,24828.38086,25044.06055,24644.88086,25019.50977,25019.50977,17500
06-06-2014,25204.94922,25419.14063,25129.75977,25396.46094,25396.46094,18100
09-06-2014,25543.59961,25644.76953,25496.83984,25580.21094,25580.21094,15300
10-06-2014,25706.34961,25711.10938,25347.33008,25583.68945,25583.68945,13600
11-06-2014,25650.61914,25735.86914,25365.65039,25473.89063,25473.89063,14000
12-06-2014,25597.21094,25611.32031,25409.68945,25576.21094,25576.21094,10200
13-06-2014,25677.05078,25688.31055,25171.60938,25228.16992,25228.16992,14700
16-06-2014,25239.5,25268.41016,25063.92969,25190.48047,25190.48047,12000
17-06-2014,25189.46094,25545.88086,25104.5,25521.18945,25521.18945,11300
18-06-2014,25565.18945,25609.2793,25114.30078,25246.25,25246.25,13200
19-06-2014,25327.08984,25425.84961,25069.66016,25201.80078,25201.80078,15200
20-06-2014,25237.53906,25276.31055,25056.17969,25105.50977,25105.50977,8800
23-06-2014,25108.08984,25197.5,24878.66016,25031.32031,25031.32031,10200
24-06-2014,25115.83008,25414.68945,25115.83008,25368.90039,25368.90039,9700
25-06-2014,25421.49023,25427.80078,25274.39063,25313.74023,25313.74023,7700
26-06-2014,25217.68945,25309.33008,25021.23047,25062.66992,25062.66992,10300
27-06-2014,25132.08008,25209.60938,25032.93945,25099.91992,25099.91992,10100
30-06-2014,25179.55078,25460.96094,25179.55078,25413.7793,25413.7793,9500
01-07-2014,25469.93945,25571.90039,25466.76953,25516.34961,25516.34961,10600
02-07-2014,25660.57031,25864.5293,25660.16016,25841.21094,25841.21094,12300
03-07-2014,25875.75,25999.08008,25793.69922,25823.75,25823.75,3700
04-07-2014,25844.80078,25981.50977,25659.33008,25962.06055,25962.06055,9500
07-07-2014,26039.66992,26123.55078,25992.73047,26100.08008,26100.08008,8900
08-07-2014,26166.91992,26190.43945,25495.03906,25582.10938,25582.10938,12700
09-07-2014,25615.2793,25683.9707,25364.76953,25444.81055,25444.81055,10500
10-07-2014,25513.74023,25920.46094,25239.89063,25372.75,25372.75,16900
11-07-2014,25488.85938,25548.33008,24978.33008,25024.34961,25024.34961,18600
14-07-2014,25093.16016,25095.75977,24892,25006.98047,25006.98047,11400
15-07-2014,25100.90039,25254.48047,25020.32031,25228.65039,25228.65039,8100
16-07-2014,25322.16992,25602.7793,25246.75,25549.7207,25549.7207,9600
17-07-2014,25540.91992,25613.0293,25494.46094,25561.16016,25561.16016,21900
18-07-2014,25558.48047,25713.40039,25441.24023,25641.56055,25641.56055,8300
21-07-2014,25776.53906,25861.15039,25677.71094,25715.16992,25715.16992,7600
22-07-2014,25784.48047,26050.38086,25780.39063,26025.80078,26025.80078,8500
23-07-2014,26130.25977,26188.64063,26000.40039,26147.33008,26147.33008,8200
24-07-2014,26188.5,26292.66016,26077.69922,26271.84961,26271.84961,7800
25-07-2014,26257.14063,26300.16992,26007.31055,26126.75,26126.75,11100
28-07-2014,26173.4707,26181.83008,25900.25,25991.23047,25991.23047,7400
30-07-2014,26005.14063,26113.48047,25850.03906,26087.41992,26087.41992,9200
31-07-2014,26105.89063,26118.88086,25853.68945,25894.9707,25894.9707,9200
01-08-2014,25753.91992,25862.67969,25459.13086,25480.83984,25480.83984,12700
04-08-2014,25631.67969,25754.41992,25531.38086,25723.16016,25723.16016,7400
05-08-2014,25817.83984,25928.32031,25562.35938,25908.00977,25908.00977,8800
06-08-2014,25892.55078,25901.67969,25621.84961,25665.26953,25665.26953,6800
07-08-2014,25668.71094,25778.05078,25526.05078,25589.00977,25589.00977,7100
08-08-2014,25406.86914,25406.86914,25232.82031,25329.14063,25329.14063,7500
11-08-2014,25476.86914,25553.43945,25437.05078,25519.24023,25519.24023,6000
12-08-2014,25703.7793,25904.98047,25645.78906,25880.76953,25880.76953,8100
13-08-2014,25861.4707,25972.61914,25791.78906,25918.94922,25918.94922,8800
14-08-2014,25948.30078,26135,25945.34961,26103.23047,26103.23047,10100
18-08-2014,26123.68945,26413.10938,26075.2793,26390.96094,26390.96094,8200
19-08-2014,26482.56055,26530.66992,26387.83984,26420.66992,26420.66992,10400
20-08-2014,26496.28906,26504.51953,26277.60938,26314.28906,26314.28906,8900
21-08-2014,26322.66016,26464.80078,26262.51953,26360.10938,26360.10938,6500
22-08-2014,26419.5293,26508.26953,26383.16016,26419.55078,26419.55078,6700
25-08-2014,26490.31055,26630.74023,26401.64063,26437.01953,26437.01953,10000
26-08-2014,26349.86914,26481.9707,26314.89063,26442.81055,26442.81055,9500
27-08-2014,26553.24023,26599.11914,26492.5,26560.15039,26560.15039,6600
28-08-2014,26620.17969,26674.38086,26573.68945,26638.10938,26638.10938,6700
01-09-2014,26733.17969,26900.30078,26732.39063,26867.55078,26867.55078,9200
02-09-2014,26888.21094,27082.84961,26886.2207,27019.39063,27019.39063,8000
03-09-2014,27128.06055,27225.84961,27067.01953,27139.93945,27139.93945,9700
04-09-2014,27164.94922,27169.11914,26972.39063,27085.92969,27085.92969,7400
05-09-2014,27127.25977,27178.80078,26920.56055,27026.69922,27026.69922,7100
08-09-2014,27145.11914,27354.99023,27144.56055,27319.84961,27319.84961,7300
09-09-2014,27316.42969,27328.26953,27177.08984,27265.32031,27265.32031,7600
10-09-2014,27230.93945,27251.43945,27018.10938,27057.41016,27057.41016,5900
11-09-2014,27143.2207,27150.7793,26904.5,26995.86914,26995.86914,7600
12-09-2014,27048.15039,27096.86914,26965.91016,27061.03906,27061.03906,8000
15-09-2014,26998.07031,26998.07031,26790.91016,26816.56055,26816.56055,6000
16-09-2014,26854.90039,26861.28906,26464.0293,26492.50977,26492.50977,9400
17-09-2014,26627.21094,26682.64063,26511.71094,26631.28906,26631.28906,7600
18-09-2014,26573.89063,27132.19922,26503.08008,27112.21094,27112.21094,7000
19-09-2014,27139.39063,27247.16992,27047.67969,27090.41992,27090.41992,7300
22-09-2014,27008.11914,27254.80078,26918.92969,27206.74023,27206.74023,7100
23-09-2014,27244.98047,27256.86914,26744.07031,26775.68945,26775.68945,7900
24-09-2014,26817.93945,26844.69922,26560,26744.68945,26744.68945,12300
25-09-2014,26808.66016,26814.19922,26349.55078,26468.35938,26468.35938,11000
26-09-2014,26429.30078,26721.0293,26220.49023,26626.32031,26626.32031,10000
29-09-2014,26694.41016,26715.76953,26518.00977,26597.10938,26597.10938,6500
30-09-2014,26610.71094,26851.33008,26481.31055,26630.50977,26630.50977,8200
01-10-2014,26681.4707,26683.69922,26548.2207,26567.99023,26567.99023,7900
07-10-2014,26487.50977,26570.38086,26250.24023,26271.9707,26271.9707,10200
08-10-2014,26229.66992,26338.31055,26150.08984,26246.78906,26246.78906,8600
09-10-2014,26394.36914,26688.69922,26394.21094,26637.2793,26637.2793,7500
10-10-2014,26551.74023,26555.91992,26261.60938,26297.38086,26297.38086,9200
13-10-2014,26275.07031,26443.16016,26092.68945,26384.07031,26384.07031,6400
14-10-2014,26537.41992,26550.78906,26212.00977,26349.33008,26349.33008,11900
15-10-2014,null,null,null,null,null,null
16-10-2014,26260.34961,26462.08008,25933.98047,25999.33984,25999.33984,10700
17-10-2014,25950,26248.53906,25910.76953,26108.5293,26108.5293,9400
20-10-2014,26434.16016,26517.90039,26368.93945,26429.84961,26429.84961,9300
21-10-2014,26552.44922,26615.41016,26407,26575.65039,26575.65039,8400
22-10-2014,26782.57031,26818.33008,26712.21094,26787.23047,26787.23047,6000
27-10-2014,26959.57031,26994.96094,26726.83984,26752.90039,26752.90039,6500
28-10-2014,26788.73047,26907.14063,26764.15039,26880.82031,26880.82031,6800
29-10-2014,27017.43945,27126.30078,26971.16016,27098.16992,27098.16992,8100
30-10-2014,27098.93945,27390.59961,27088.65039,27346.33008,27346.33008,7000
31-10-2014,27439.06055,27894.32031,27438.2793,27865.83008,27865.83008,11600
03-11-2014,27943.03906,27969.82031,27785.40039,27860.38086,27860.38086,9500
05-11-2014,27907.18945,28010.39063,27857.65039,27915.88086,27915.88086,8700
07-11-2014,27902.71094,27980.92969,27739.56055,27868.63086,27868.63086,10500
10-11-2014,27919.44922,28027.96094,27764.75,27874.73047,27874.73047,7900
11-11-2014,27911.25,27996.91992,27790.40039,27910.06055,27910.06055,7000
12-11-2014,27958.64063,28126.48047,27958.64063,28008.90039,28008.90039,7000
13-11-2014,28048.56055,28098.74023,27822.69922,27940.64063,27940.64063,8700
14-11-2014,27949.53906,28093.23047,27912.90039,28046.66016,28046.66016,9900
17-11-2014,28018.67969,28205.71094,27921.33984,28177.88086,28177.88086,6700
18-11-2014,28209.0293,28282.84961,28119.94922,28163.28906,28163.28906,7300
19-11-2014,28193.90039,28294.00977,27963.50977,28032.84961,28032.84961,6800
20-11-2014,28100.83984,28118.5293,27915.23047,28067.56055,28067.56055,8700
21-11-2014,28100.09961,28360.66016,28038.40039,28334.63086,28334.63086,10100
24-11-2014,28413.00977,28541.96094,28394.48047,28499.53906,28499.53906,9700
25-11-2014,28520.75977,28541.2207,28217.5,28338.05078,28338.05078,10800
26-11-2014,28321.58008,28470.15039,28261.31055,28386.18945,28386.18945,8700
27-11-2014,28397.80078,28498.30078,28307.58008,28438.91016,28438.91016,11900
28-11-2014,28490.71094,28822.36914,28483.99023,28693.99023,28693.99023,14600
01-12-2014,28748.2207,28809.64063,28538.43945,28559.61914,28559.61914,8300
02-12-2014,28522.46094,28576.39063,28386.46094,28444.00977,28444.00977,11200
03-12-2014,28472.32031,28504.65039,28370.73047,28442.71094,28442.71094,10100
04-12-2014,28616.92969,28808.7793,28448.94922,28562.82031,28562.82031,10400
05-12-2014,28604.5,28651.75,28409.05078,28458.09961,28458.09961,7700
08-12-2014,28433,28494.84961,28097.11914,28119.40039,28119.40039,9500
09-12-2014,28134.2207,28157.5293,27763.82031,27797.00977,27797.00977,9600
10-12-2014,27711.96094,27905.25,27710.0293,27831.09961,27831.09961,9900
11-12-2014,27796.33984,27796.33984,27539.4707,27602.00977,27602.00977,9800
12-12-2014,27598.96094,27692.32031,27320.05078,27350.67969,27350.67969,10900
15-12-2014,27136.2793,27392.17969,27105.03906,27319.56055,27319.56055,9100
16-12-2014,27181.17969,27199.36914,26736.23047,26781.43945,26781.43945,14300
17-12-2014,26724.00977,26871.91016,26469.41992,26710.13086,26710.13086,16600
18-12-2014,27053.85938,27180.91992,26900.57031,27126.57031,27126.57031,11200
19-12-2014,27292.55078,27497.11914,27292.14063,27371.83984,27371.83984,11800
22-12-2014,27479.86914,27725.26953,27382.32031,27701.78906,27701.78906,7400
23-12-2014,27733.11914,27851.09961,27475.13086,27506.46094,27506.46094,8600
24-12-2014,27530.25977,27571.25,27146.51953,27208.60938,27208.60938,10600
26-12-2014,null,null,null,null,null,null
29-12-2014,null,null,null,null,null,null
30-12-2014,27478.30078,27478.30078,27312.28906,27403.53906,27403.53906,6100
31-12-2014,27358.30078,27527.24023,27346,27499.41992,27499.41992,6500
01-01-2015,null,null,null,null,null,null
02-01-2015,27521.2793,27937.4707,27519.25977,27887.90039,27887.90039,7400
05-01-2015,27978.42969,28064.49023,27786.84961,27842.32031,27842.32031,9200
06-01-2015,27694.23047,27698.92969,26937.06055,26987.46094,26987.46094,14100
07-01-2015,26983.42969,27051.59961,26776.11914,26908.82031,26908.82031,12200
08-01-2015,27178.76953,27316.41016,27101.93945,27274.71094,27274.71094,8200
09-01-2015,27404.18945,27507.66992,27119.63086,27458.38086,27458.38086,11100
12-01-2015,27523.85938,27620.66016,27323.74023,27585.26953,27585.26953,7500
13-01-2015,27611.56055,27670.18945,27324.58008,27425.73047,27425.73047,7800
14-01-2015,27432.14063,27512.80078,27203.25,27346.82031,27346.82031,10200
15-01-2015,27831.16016,28194.60938,27703.69922,28075.55078,28075.55078,16700
16-01-2015,28056.60938,28176.09961,27945.31055,28121.89063,28121.89063,12100
19-01-2015,28249.83984,28334.06055,28197.35938,28262.00977,28262.00977,10900
20-01-2015,28324.84961,28829.28906,28324.84961,28784.66992,28784.66992,11100
21-01-2015,28843.08984,28958.09961,28792.57031,28888.85938,28888.85938,15400
22-01-2015,28957.78906,29060.41016,28892.23047,29006.01953,29006.01953,11100
23-01-2015,29189.44922,29408.73047,29165.56055,29278.83984,29278.83984,11900
27-01-2015,29451.65039,29618.58984,29286.08984,29571.03906,29571.03906,11300
28-01-2015,29565.7207,29786.32031,29417.66992,29559.17969,29559.17969,11200
29-01-2015,29516.49023,29740.63086,29378.30078,29681.76953,29681.76953,12700
30-01-2015,29801.59961,29844.16016,29070.48047,29182.94922,29182.94922,15800
02-02-2015,29143.63086,29268.13086,28958.51953,29122.26953,29122.26953,18000
03-02-2015,29217.40039,29253.06055,28900.41016,29000.14063,29000.14063,16600
04-02-2015,29129.84961,29133.61914,28824.67969,28883.10938,28883.10938,15800
05-02-2015,28912.38086,29277.83008,28753.28906,28850.9707,28850.9707,12800
06-02-2015,28892.21094,28922.84961,28647.14063,28717.91016,28717.91016,11400
09-02-2015,28566.5,28566.5,28183.32031,28227.39063,28227.39063,11700
10-02-2015,28122.48047,28633.7207,28044.49023,28355.61914,28355.61914,14600
11-02-2015,28450.25977,28618.91016,28424.39063,28533.9707,28533.9707,13800
12-02-2015,28650.25,28838.51953,28406.25,28805.09961,28805.09961,13800
13-02-2015,28888.99023,29154.66992,28835.69922,29094.92969,29094.92969,17600
16-02-2015,29170.76953,29325.34961,29083.40039,29135.88086,29135.88086,10500
18-02-2015,29136.07031,29411.32031,29126.91016,29320.25977,29320.25977,11000
19-02-2015,29434.91016,29522.85938,29108.15039,29462.26953,29462.26953,11900
20-02-2015,29446.21094,29462.08984,29178.25977,29231.41016,29231.41016,11500
23-02-2015,29316.58008,29362.96094,28913.16016,28975.10938,28975.10938,8800
24-02-2015,29016.55078,29130.66992,28875.93945,29004.66016,29004.66016,10200
25-02-2015,29115.32031,29269.83008,28967.60938,29007.99023,29007.99023,8000
26-02-2015,29051.90039,29069.13086,28693.82031,28746.65039,28746.65039,10700
27-02-2015,28865.11914,29254.01953,28837.06055,29220.11914,29220.11914,16500
28-02-2015,null,null,null,null,null,null
02-03-2015,29533.41992,29576.32031,29259.76953,29459.14063,29459.14063,15300
03-03-2015,29500.18945,29636.85938,29364.86914,29593.73047,29593.73047,12200
04-03-2015,29937.26953,30024.74023,29289.05078,29380.73047,29380.73047,17000
05-03-2015,29436.76953,29518.32031,29162.4707,29448.94922,29448.94922,13400
09-03-2015,29316.53906,29321.06055,28799.75977,28844.7793,28844.7793,11800
10-03-2015,28924.06055,28949.10938,28584.49023,28709.86914,28709.86914,11200
11-03-2015,28725.75,28843.23047,28608.17969,28659.16992,28659.16992,12500
12-03-2015,28798.60938,28971.00977,28772.71094,28930.41016,28930.41016,11100
13-03-2015,29134.92969,29183.75977,28448.48047,28503.30078,28503.30078,11500
16-03-2015,28546.31055,28581.82031,28384.08984,28437.71094,28437.71094,11100
17-03-2015,28595,28784.34961,28435.44922,28736.38086,28736.38086,11000
18-03-2015,28766.86914,28806.9707,28546.75977,28622.11914,28622.11914,9700
19-03-2015,28805.2207,28978.74023,28411.69922,28469.66992,28469.66992,11400
20-03-2015,28465.43945,28484.35938,28209.66016,28261.08008,28261.08008,13900
23-03-2015,28317.28906,28385.14063,28163.90039,28192.01953,28192.01953,10000
24-03-2015,28209.33008,28455.32031,28130.08984,28161.7207,28161.7207,9700
25-03-2015,28216.08984,28249.59961,28031.41992,28111.83008,28111.83008,17400
26-03-2015,27937.61914,27997.14063,27384.86914,27457.58008,27457.58008,12700
27-03-2015,27649.7793,27694.41016,27248.44922,27458.64063,27458.64063,11400
30-03-2015,27655.78906,28017.9707,27624.75977,27975.85938,27975.85938,11100
31-03-2015,28069.84961,28180.64063,27868.21094,27957.49023,27957.49023,11100
01-04-2015,27954.85938,28298.33984,27889.01953,28260.14063,28260.14063,8100
06-04-2015,28351.93945,28530.81055,28221.99023,28504.46094,28504.46094,8300
07-04-2015,28582.33008,28641.08008,28274.35938,28516.58984,28516.58984,11900
08-04-2015,28601.49023,28763.06055,28566.60938,28707.75,28707.75,9800
09-04-2015,28858.41992,28906.71094,28622.43945,28885.21094,28885.21094,13100
10-04-2015,28889.26953,28907.81055,28756.75,28879.38086,28879.38086,8000
13-04-2015,28955.13086,29072.50977,28843.93945,29044.43945,29044.43945,8500
15-04-2015,29087.25,29094.60938,28721.63086,28799.68945,28799.68945,10500
16-04-2015,28876.23047,28876.23047,28497.69922,28666.03906,28666.03906,8400
17-04-2015,28682.9707,28696.18945,28403.75977,28442.09961,28442.09961,13900
20-04-2015,28525.65039,28539.46094,27802.36914,27886.21094,27886.21094,19000
21-04-2015,27860.50977,27976.92969,27598.21094,27676.03906,27676.03906,20700
22-04-2015,27756.67969,27947.25977,27385.48047,27890.13086,27890.13086,11700
23-04-2015,27977.26953,28087.7793,27621.17969,27735.01953,27735.01953,11400
24-04-2015,27804.58008,27829.10938,27344.69922,27437.93945,27437.93945,12000
27-04-2015,27565.49023,27567.2793,27141.55078,27176.99023,27176.99023,12100
28-04-2015,27215.60938,27482.14063,27073.25,27396.38086,27396.38086,10300
29-04-2015,27395.71094,27438.96094,27176.53906,27225.92969,27225.92969,9500
30-04-2015,27242.05078,27242.05078,26897.53906,27011.31055,27011.31055,10900
04-05-2015,27204.63086,27537.84961,27159.44922,27490.58984,27490.58984,8300
05-05-2015,27561.32031,27603.71094,27338.23047,27440.14063,27440.14063,11300
06-05-2015,27473.35938,27501.15039,26677.64063,26717.36914,26717.36914,14200
07-05-2015,26721.33984,26850.36914,26423.99023,26599.10938,26599.10938,12500
08-05-2015,26814.38086,27196.2793,26814.38086,27105.39063,27105.39063,8800
11-05-2015,27249.41992,27544.24023,27231.2793,27507.30078,27507.30078,11300
12-05-2015,27502.91016,27502.91016,26837.39063,26877.48047,26877.48047,12400
13-05-2015,27023.71094,27299.80078,26750.00977,27251.09961,27251.09961,13600
14-05-2015,27290.16992,27293.99023,26948.61914,27206.06055,27206.06055,8900
15-05-2015,27233.90039,27379.57031,27159.75977,27324,27324,9300
18-05-2015,27416.9707,27725.9707,27370.2793,27687.30078,27687.30078,7800
19-05-2015,27663.08008,27872.23047,27574.07031,27645.5293,27645.5293,10600
20-05-2015,27749.30078,27903.00977,27743.99023,27837.21094,27837.21094,16400
21-05-2015,27885.35938,27911.43945,27712.73047,27809.34961,27809.34961,8400
22-05-2015,27849.53906,28071.16016,27828.60938,27957.5,27957.5,17800
25-05-2015,27893.25,27903.28906,27614.32031,27643.88086,27643.88086,8300
26-05-2015,27633.66016,27675.93945,27473.53906,27531.41016,27531.41016,7100
27-05-2015,27447.40039,27595.80078,27363.7207,27564.66016,27564.66016,8600
28-05-2015,27619.31055,27666.36914,27354.34961,27506.71094,27506.71094,9000
29-05-2015,27553.0293,27888.32031,27467.23047,27828.43945,27828.43945,12500
01-06-2015,27770.78906,27959.42969,27737.58008,27848.99023,27848.99023,9600
02-06-2015,27890.73047,27902.5293,27146.67969,27188.38086,27188.38086,14500
03-06-2015,27230.67969,27276.2207,26698.25977,26837.19922,26837.19922,14000
04-06-2015,26940.64063,26948.83984,26551.9707,26813.41992,26813.41992,11600
05-06-2015,26819.82031,27014.41992,26718.43945,26768.49023,26768.49023,11900
08-06-2015,26814.31055,26827.06055,26472.86914,26523.08984,26523.08984,7900
09-06-2015,26510.28906,26604.65039,26438.32031,26481.25,26481.25,11000
10-06-2015,26517.32031,26934.74023,26493.28906,26840.5,26840.5,8400
11-06-2015,26959.98047,27000.14063,26348.92969,26370.98047,26370.98047,11300
12-06-2015,26340.32031,26489.58008,26307.07031,26425.30078,26425.30078,9600
15-06-2015,26498.66992,26728.59961,26307.83984,26586.55078,26586.55078,11000
16-06-2015,26586.85938,26731.34961,26379.92969,26686.50977,26686.50977,13100
17-06-2015,26815.41016,26983.48047,26728.89063,26832.66016,26832.66016,23000
18-06-2015,26916.99023,27175.39063,26910.25977,27115.83008,27115.83008,10500
19-06-2015,27207.75977,27404.59961,27202.38086,27316.16992,27316.16992,8100
22-06-2015,27427.18945,27782.31055,27417.0293,27730.21094,27730.21094,8100
23-06-2015,27760.10938,27882.66016,27666.58984,27804.36914,27804.36914,8600
24-06-2015,27852.32031,27948.24023,27647.28906,27729.66992,27729.66992,9400
25-06-2015,27660.2207,27968.75,27635.75977,27895.9707,27895.9707,10100
26-06-2015,27880.7207,27921.85938,27675.16016,27811.83984,27811.83984,9600
29-06-2015,27451.07031,27695.32031,27209.18945,27645.15039,27645.15039,10900
30-06-2015,27627.39063,27814.5293,27570.94922,27780.83008,27780.83008,9500
01-07-2015,27823.65039,28099.25,27799.91016,28020.86914,28020.86914,18400
02-07-2015,28100.38086,28115.96094,27906.34961,27945.80078,27945.80078,6800
03-07-2015,27973.11914,28135.42969,27897.44922,28092.78906,28092.78906,6000
06-07-2015,27857.19922,28235.31055,27774.80078,28208.75977,28208.75977,8300
07-07-2015,28220.10938,28335.23047,28084.35938,28171.68945,28171.68945,8000
08-07-2015,28031.44922,28031.44922,27635.7207,27687.7207,27687.7207,13700
09-07-2015,27681.49023,27798.13086,27540.59961,27573.66016,27573.66016,8200
10-07-2015,27705.35938,27729.46094,27530.90039,27661.40039,27661.40039,10800
13-07-2015,27739.32031,28005.16992,27635.06055,27961.18945,27961.18945,7800
14-07-2015,27986.91992,28018.58984,27853.96094,27932.90039,27932.90039,6900
15-07-2015,28022.14063,28218.36914,27986.48047,28198.28906,28198.28906,6000
16-07-2015,28259.69922,28478.42969,28245.81055,28446.11914,28446.11914,8500
17-07-2015,28480.91992,28576.32031,28417.46094,28463.31055,28463.31055,7300
20-07-2015,28544.2793,28549.13086,28319.83008,28420.11914,28420.11914,6600
21-07-2015,28381.82031,28518.06055,28138.30078,28182.14063,28182.14063,11700
22-07-2015,28159.41992,28546.41992,28070.91016,28504.92969,28504.92969,9500
23-07-2015,28540.9707,28578.33008,28315.36914,28370.83984,28370.83984,8900
24-07-2015,28390.5,28402.64063,28083.75977,28112.31055,28112.31055,9300
27-07-2015,28117.65039,28117.65039,27529.57031,27561.38086,27561.38086,9500
28-07-2015,27630.21094,27676.65039,27416.39063,27459.23047,27459.23047,11800
29-07-2015,27540.46094,27609.28906,27470.08984,27563.42969,27563.42969,8600
30-07-2015,27685.82031,27854.46094,27649.9707,27705.34961,27705.34961,9400
31-07-2015,27814.50977,28161.16992,27814.50977,28114.56055,28114.56055,15000
03-08-2015,28089.08984,28263.34961,28071.36914,28187.06055,28187.06055,10200
04-08-2015,28225.03906,28264.7207,27866.11914,28071.92969,28071.92969,13600
05-08-2015,28138.03906,28315.71094,28135.67969,28223.08008,28223.08008,9800
06-08-2015,28291.88086,28359.96094,28163.68945,28298.13086,28298.13086,7500
07-08-2015,28327.10938,28335.66992,28193.92969,28236.39063,28236.39063,10300
10-08-2015,28250.7793,28417.58984,28017.84961,28101.7207,28101.7207,8700
11-08-2015,28193.25977,28205.11914,27825.83008,27866.08984,27866.08984,14700
12-08-2015,27880.75977,27883.33008,27479.42969,27512.25977,27512.25977,18200
13-08-2015,27635.25,27791.09961,27496.28906,27549.5293,27549.5293,15900
14-08-2015,27668.06055,28100.64063,27643.19922,28067.31055,28067.31055,13200
17-08-2015,28093.53906,28095.9707,27739.13086,27878.26953,27878.26953,12300
18-08-2015,27949.13086,28040.73047,27747.40039,27831.53906,27831.53906,11800
19-08-2015,27851.81055,28021.39063,27721.25,27931.64063,27931.64063,10900
20-08-2015,27959.18945,27964.59961,27564.16016,27607.82031,27607.82031,14400
21-08-2015,27440.09961,27442.82031,27131.43945,27366.07031,27366.07031,14000
24-08-2015,26730.40039,26730.40039,25624.7207,25741.56055,25741.56055,26000
25-08-2015,25916.25977,26124.83008,25298.41992,26032.38086,26032.38086,21200
26-08-2015,26063.26953,26156.60938,25657.56055,25714.66016,25714.66016,13400
27-08-2015,26137.0293,26302.76953,25943.75,26231.18945,26231.18945,18600
28-08-2015,26542.83984,26687.33008,26270.16992,26392.38086,26392.38086,12100
31-08-2015,26469.41992,26504.73047,26215.16016,26283.08984,26283.08984,10000
01-09-2015,26127.03906,26141.07031,25579.88086,25696.43945,25696.43945,14000
02-09-2015,25891.94922,25939.36914,25395.08984,25453.56055,25453.56055,16200
03-09-2015,25614.68945,25835.41016,25555.76953,25764.7793,25764.7793,11300
04-09-2015,25772.58008,25775.38086,25119.06055,25201.90039,25201.90039,14100
07-09-2015,25302.98047,25387.32031,24851.76953,24893.81055,24893.81055,12800
08-09-2015,24972.00977,25411,24833.53906,25317.86914,25317.86914,12600
09-09-2015,25682.86914,25820.56055,25553.60938,25719.58008,25719.58008,14400
10-09-2015,25522.96094,25733.69922,25287.5,25622.16992,25622.16992,14600
11-09-2015,25793.76953,25875.96094,25530.41016,25610.21094,25610.21094,11800
14-09-2015,25706.86914,25891.73047,25531.07031,25856.69922,25856.69922,8800
15-09-2015,25908.33984,25909.83008,25649.36914,25705.92969,25705.92969,11200
16-09-2015,25884.05078,26006.75,25816.5,25963.9707,25963.9707,9600
18-09-2015,26130.35938,26471.82031,26130.35938,26218.91016,26218.91016,56600
21-09-2015,26107.98047,26233.46094,25972.53906,26192.98047,26192.98047,8100
22-09-2015,26274.36914,26339.09961,25571.33984,25651.83984,25651.83984,13600
23-09-2015,25526.5293,25934.01953,25386.48047,25822.99023,25822.99023,11700
24-09-2015,25798.05078,25949.90039,25670.96094,25863.5,25863.5,11800
28-09-2015,25922.71094,25936.89063,25593.56055,25616.83984,25616.83984,11700
29-09-2015,25496.38086,26054.36914,25287.33008,25778.66016,25778.66016,20700
30-09-2015,25986.51953,26179.69922,25918.21094,26154.83008,26154.83008,27500
01-10-2015,26344.18945,26431.80078,26168.71094,26220.94922,26220.94922,11000
05-10-2015,26379.41992,26822.41992,26375.31055,26785.55078,26785.55078,11400
06-10-2015,26976.66016,27010.26953,26751.25,26932.88086,26932.88086,13600
07-10-2015,26966.85938,27082.2793,26877.50977,27035.84961,27035.84961,17100
08-10-2015,27116.85938,27120.10938,26762.35938,26845.81055,26845.81055,14900
09-10-2015,26974.91992,27200.43945,26910.58984,27079.50977,27079.50977,18800
12-10-2015,27242.59961,27305.03906,26855.75,26904.10938,26904.10938,18400
13-10-2015,26874.28906,26918.51953,26719.09961,26846.5293,26846.5293,10800
14-10-2015,26760.32031,26869.08008,26713.2793,26779.66016,26779.66016,10900
15-10-2015,26842.18945,27037.94922,26836.76953,27010.14063,27010.14063,12700
16-10-2015,27062.80078,27239.2207,26917.11914,27214.59961,27214.59961,10200
19-10-2015,27305.61914,27387.91016,27246.78906,27364.91992,27364.91992,8200
20-10-2015,27402.90039,27432.07031,27216.40039,27306.83008,27306.83008,9200
21-10-2015,27312.34961,27445.24023,27190.55078,27287.66016,27287.66016,9700
23-10-2015,27466.64063,27555.06055,27421.71094,27470.81055,27470.81055,9900
26-10-2015,27575.03906,27618.14063,27318.19922,27361.96094,27361.96094,11300
27-10-2015,27291.06055,27296.30078,27209.51953,27253.43945,27253.43945,10100
28-10-2015,27131.71094,27163.98047,26919.96094,27039.75977,27039.75977,10500
29-10-2015,27083.69922,27099.10938,26794.09961,26838.14063,26838.14063,9900
30-10-2015,26878.48047,26942.28906,26585.19922,26656.83008,26656.83008,14000
02-11-2015,26641.68945,26824.30078,26378.25977,26559.15039,26559.15039,8800
03-11-2015,26660.71094,26732.24023,26514.48047,26590.58984,26590.58984,8500
04-11-2015,26704.01953,26800.06055,26510.31055,26552.91992,26552.91992,8000
05-11-2015,26557.80078,26557.80078,26243.19922,26304.19922,26304.19922,12300
06-11-2015,26284.00977,26438.85938,26190.17969,26265.24023,26265.24023,15600
09-11-2015,25809,26193.16992,25656.90039,26121.40039,26121.40039,13300
10-11-2015,26094.08984,26094.08984,25709.23047,25743.25977,25743.25977,12800
13-11-2015,25724.08984,25724.08984,25540.73047,25610.5293,25610.5293,11500
16-11-2015,25580.15039,25866.41992,25451.41992,25760.09961,25760.09961,11300
17-11-2015,25897.88086,25948.19922,25732.78906,25864.4707,25864.4707,10700
18-11-2015,25837.71094,25890.35938,25453.32031,25482.51953,25482.51953,16100
19-11-2015,25640.33984,25884.51953,25603.09961,25841.91992,25841.91992,9900
20-11-2015,25856.13086,26058.75977,25769.81055,25868.49023,25868.49023,10000
23-11-2015,25945.14063,25958.03906,25747.00977,25819.33984,25819.33984,10100
24-11-2015,25785.60938,25901.56055,25703.85938,25775.74023,25775.74023,7500
26-11-2015,25769.81055,26016.03906,25769.81055,25958.63086,25958.63086,8400
27-11-2015,26003.19922,26184.65039,25937.32031,26128.19922,26128.19922,10400
30-11-2015,26142.5293,26231.06055,26089.13086,26145.66992,26145.66992,8300
01-12-2015,26201.26953,26246.01953,26121.51953,26169.41016,26169.41016,11000
02-12-2015,26239.39063,26256.41992,26041.67969,26117.84961,26117.84961,10100
03-12-2015,26123.85938,26123.85938,25857.34961,25886.61914,25886.61914,9500
04-12-2015,25810.06055,25810.06055,25623.71094,25638.10938,25638.10938,10500
07-12-2015,25746.0293,25785.5293,25477.68945,25530.10938,25530.10938,8700
08-12-2015,25488.41992,25542.4707,25256.78906,25310.33008,25310.33008,12600
09-12-2015,25299.33984,25316.94922,25012.2207,25036.05078,25036.05078,11600
10-12-2015,25136.71094,25289.58008,25034.14063,25252.32031,25252.32031,10900
11-12-2015,25281.76953,25316.14063,24930.42969,25044.42969,25044.42969,14900
14-12-2015,24935.59961,25194.15039,24867.73047,25150.34961,25150.34961,11600
15-12-2015,25186.67969,25342.7793,25075.53906,25320.43945,25320.43945,9700
16-12-2015,25402.4707,25572.90039,25372.4707,25494.36914,25494.36914,10800
17-12-2015,25596.63086,25831.31055,25448.32031,25803.7793,25803.7793,22700
18-12-2015,25764.66992,25789.50977,25481.50977,25519.2207,25519.2207,10400
21-12-2015,25425.32031,25757.83984,25413.53906,25735.90039,25735.90039,8100
22-12-2015,25731.07031,25787.21094,25485.16992,25590.65039,25590.65039,8100
23-12-2015,25697.66016,25875.26953,25689.69922,25850.30078,25850.30078,6900
24-12-2015,25893.83984,25922.4707,25763.40039,25838.71094,25838.71094,4900
28-12-2015,25858.51953,26073.41016,25856.85938,26034.13086,26034.13086,6900
29-12-2015,26075.67969,26133.7793,25994.44922,26079.48047,26079.48047,6000
30-12-2015,26123.86914,26130.19922,25939.25,25960.0293,25960.0293,6500
31-12-2015,25980.85938,26147.63086,25941.91016,26117.53906,26117.53906,6200
01-01-2016,null,null,null,null,null,null
04-01-2016,26116.51953,26116.51953,25596.57031,25623.34961,25623.34961,9100
05-01-2016,25744.69922,25766.75977,25513.75,25580.33984,25580.33984,10300
06-01-2016,25628.23047,25632.57031,25357.69922,25406.33008,25406.33008,13400
07-01-2016,25224.69922,25230.34961,24825.69922,24851.83008,24851.83008,11800
08-01-2016,24969.01953,25083.55078,24887.2207,24934.33008,24934.33008,15900
11-01-2016,24787.10938,24961.88086,24598.90039,24825.03906,24825.03906,10600
12-01-2016,24862.92969,24882.30078,24597.10938,24682.0293,24682.0293,10300
13-01-2016,24804.64063,24956.53906,24387.68945,24854.10938,24854.10938,14000
14-01-2016,24606.19922,25018.46094,24473.2207,24772.9707,24772.9707,14900
15-01-2016,24881.75977,24912.64063,24421.5293,24455.03906,24455.03906,12700
18-01-2016,24400.7793,24524.84961,24141.99023,24188.36914,24188.36914,13600
19-01-2016,24257.2793,24563.33984,24247.23047,24479.83984,24479.83984,9400
20-01-2016,24325.76953,24325.76953,23839.75977,24062.03906,24062.03906,12800
21-01-2016,24194.75,24351.83008,23862,23962.21094,23962.21094,13200
22-01-2016,24122.06055,24472.88086,24120.03906,24435.66016,24435.66016,10100
25-01-2016,24540.9707,24650.57031,24433.66992,24485.94922,24485.94922,8900
27-01-2016,24643.13086,24645.69922,24458.13086,24492.39063,24492.39063,8500
28-01-2016,24481.85938,24587.19922,24400.51953,24469.57031,24469.57031,8400
29-01-2016,24347.31055,24911.90039,24340.06055,24870.68945,24870.68945,12400
01-02-2016,24982.2207,25002.32031,24788.58008,24824.83008,24824.83008,10100
02-02-2016,24868.21094,24928.75,24460.5293,24539,24539,12700
03-02-2016,24393.58984,24409.25977,24187.53906,24223.32031,24223.32031,12200
04-02-2016,24386.44922,24514.00977,24224.74023,24338.42969,24338.42969,12200
05-02-2016,24360.35938,24672.90039,24345.78906,24616.9707,24616.9707,13400
08-02-2016,24637.41016,24698.94922,24196.83984,24287.41992,24287.41992,11700
09-02-2016,24076.84961,24111.18945,23919.4707,24020.98047,24020.98047,11500
10-02-2016,23938.32031,23938.32031,23636.7207,23758.90039,23758.90039,19400
11-02-2016,23758.46094,23758.46094,22909.11914,22951.83008,22951.83008,23200
12-02-2016,23060.39063,23161.15039,22600.39063,22986.11914,22986.11914,25100
15-02-2016,23223.42969,23622.64063,23197.66992,23554.11914,23554.11914,20400
16-02-2016,23688.60938,23692.08008,23164.53906,23191.9707,23191.9707,22200
17-02-2016,23237.23047,23434.91016,22920.83984,23381.86914,23381.86914,16600
18-02-2016,23536.4707,23735.34961,23448.21094,23649.2207,23649.2207,15700
19-02-2016,23640.32031,23774.48047,23508.35938,23709.15039,23709.15039,11600
22-02-2016,23783.4707,23855.03906,23674.85938,23788.78906,23788.78906,9500
23-02-2016,23850.41016,23851.50977,23361.93945,23410.17969,23410.17969,16700
24-02-2016,23332.93945,23338.89063,23057.44922,23088.92969,23088.92969,14000
25-02-2016,23105.16016,23142.96094,22948.09961,22976,22976,15900
26-02-2016,23141.08008,23227.91016,23021.93945,23154.30078,23154.30078,11500
29-02-2016,23238.5,23343.2207,22494.60938,23002,23002,58900
01-03-2016,23153.32031,23821.49023,23133.17969,23779.34961,23779.34961,15700
02-03-2016,24044.96094,24280.41992,24043.89063,24242.98047,24242.98047,22800
03-03-2016,24386.66992,24640.50977,24383.2793,24606.99023,24606.99023,19500
04-03-2016,24704.58984,24719.05078,24531.80078,24646.48047,24646.48047,17500
08-03-2016,24655.18945,24793.61914,24509.21094,24659.23047,24659.23047,26000
09-03-2016,24527.26953,24820.75977,24451.59961,24793.96094,24793.96094,11900
10-03-2016,24815.69922,24817.48047,24471.39063,24623.33984,24623.33984,14400
11-03-2016,24620.39063,24817.80078,24552.25977,24717.99023,24717.99023,14800
14-03-2016,24801.69922,24960.50977,24734.03906,24804.2793,24804.2793,30100
15-03-2016,24832.03906,24840.76953,24517.2793,24551.16992,24551.16992,12100
16-03-2016,24537.60938,24706.84961,24354.55078,24682.48047,24682.48047,11000
17-03-2016,24852.17969,24948.30078,24576.51953,24677.36914,24677.36914,14600
18-03-2016,24729.41016,24986.93945,24681.64063,24952.74023,24952.74023,14100
21-03-2016,25007.56055,25327.44922,24988.26953,25285.36914,25285.36914,12400
22-03-2016,25331.00977,25381.33008,25083.69922,25330.49023,25330.49023,12000
23-03-2016,25322.09961,25367.81055,25156.82031,25337.56055,25337.56055,9500
28-03-2016,25417.10938,25432.93945,24895.49023,24966.40039,24966.40039,10100
29-03-2016,24957.24023,25079.34961,24835.56055,24900.46094,24900.46094,11000
30-03-2016,25062.06055,25358.83984,25055.41992,25338.58008,25338.58008,10700
31-03-2016,25364.75,25479.61914,25223.2207,25341.85938,25341.85938,11500
01-04-2016,25301.69922,25354.93945,25119.34961,25269.64063,25269.64063,11400
04-04-2016,25333.98047,25424.15039,25223.49023,25399.65039,25399.65039,7800
05-04-2016,25372.43945,25372.43945,24837.50977,24883.58984,24883.58984,14800
06-04-2016,24978.85938,25000.65039,24834.16016,24900.63086,24900.63086,10300
07-04-2016,24998.78906,25013.13086,24647.48047,24685.41992,24685.41992,19200
08-04-2016,24665.80078,24736.0293,24608.50977,24673.83984,24673.83984,9700
11-04-2016,24789.40039,25049.91992,24523.19922,25022.16016,25022.16016,25900
12-04-2016,25056.4707,25180.01953,24996.43945,25145.58984,25145.58984,11500
13-04-2016,25358.41992,25671.5,25358.41992,25626.75,25626.75,14600
18-04-2016,25833.16016,25870.0293,25634.11914,25816.35938,25816.35938,8500
20-04-2016,25942.33984,25956.33984,25716.81055,25844.17969,25844.17969,11300
21-04-2016,25979.67969,26080.07031,25783.11914,25880.38086,25880.38086,18100
22-04-2016,25892.49023,25922.01953,25771.88086,25838.14063,25838.14063,13400
25-04-2016,25891.0293,25891.0293,25585.92969,25678.92969,25678.92969,8200
26-04-2016,25604.91992,26055,25549.05078,26007.30078,26007.30078,11200
27-04-2016,25956.41992,26092.92969,25885.24023,26064.11914,26064.11914,11200
28-04-2016,26078.2793,26100.53906,25561.16992,25603.09961,25603.09961,14600
29-04-2016,25612.91016,25755.42969,25424.0293,25606.61914,25606.61914,14600
02-05-2016,25565.43945,25565.43945,25341.14063,25436.9707,25436.9707,7700
03-05-2016,25500.14063,25705.96094,25192.93945,25229.69922,25229.69922,11000
04-05-2016,25210.86914,25245.69922,25061.03906,25101.73047,25101.73047,15800
05-05-2016,25187.66016,25394.09961,25162.93945,25262.21094,25262.21094,11300
06-05-2016,25223.66992,25260.48047,25057.92969,25228.5,25228.5,11300
09-05-2016,25321.83008,25709.67969,25302.85938,25688.85938,25688.85938,11700
10-05-2016,25682.98047,25809.92969,25614.24023,25772.5293,25772.5293,10500
11-05-2016,25548.9707,25762.49023,25409.24023,25597.01953,25597.01953,9300
12-05-2016,25684.59961,25827.0293,25620.26953,25790.2207,25790.2207,9800
13-05-2016,25739.93945,25743.68945,25400.26953,25489.57031,25489.57031,12500
16-05-2016,25528.80078,25688.46094,25351.61914,25653.23047,25653.23047,12900
17-05-2016,25756.14063,25927.31055,25733.75977,25773.60938,25773.60938,11400
18-05-2016,25671.48047,25747,25503.40039,25704.60938,25704.60938,9800
19-05-2016,25713.83984,25714.56055,25351.99023,25399.7207,25399.7207,14400
20-05-2016,25428.41992,25506.06055,25251.90039,25301.90039,25301.90039,13600
23-05-2016,25447.7207,25519.25977,25207.7793,25230.35938,25230.35938,11300
24-05-2016,25256.9707,25340.4707,25181.4707,25305.4707,25305.4707,10700
25-05-2016,25432.09961,25897.86914,25430.58984,25881.16992,25881.16992,9500
26-05-2016,26008.25,26398.93945,25941.50977,26366.67969,26366.67969,13900
27-05-2016,26415.92969,26677.42969,26405.2793,26653.59961,26653.59961,20800
30-05-2016,26694.75,26794.96094,26623.33008,26725.59961,26725.59961,14800
31-05-2016,26817.75,26837.19922,26561.58008,26667.96094,26667.96094,26500
01-06-2016,26684.46094,26857.25,26671.85938,26713.92969,26713.92969,13400
02-06-2016,26694.2793,26885.16016,26641.01953,26843.14063,26843.14063,11100
03-06-2016,26919.23047,27008.14063,26792.07031,26843.0293,26843.0293,13000
06-06-2016,26897.83984,26901.41992,26729.53906,26777.44922,26777.44922,8700
07-06-2016,26833.53906,27082.63086,26829.5293,27009.66992,27009.66992,14800
08-06-2016,27085.24023,27105.41016,26973.71094,27020.66016,27020.66016,12500
09-06-2016,26994.48047,26994.91016,26692.34961,26763.46094,26763.46094,10100
10-06-2016,26742.25977,26972.06055,26620.5,26635.75,26635.75,10100
13-06-2016,26468.26953,26468.26953,26262.26953,26396.76953,26396.76953,9100
14-06-2016,26482.5,26485.44922,26264.81055,26395.71094,26395.71094,7800
15-06-2016,26500.78906,26752.58984,26446.58984,26726.33984,26726.33984,12300
16-06-2016,26686.0293,26686.0293,26314.91016,26525.46094,26525.46094,12600
17-06-2016,26653.84961,26730.55078,26538.50977,26625.91016,26625.91016,9300
20-06-2016,26497.10938,26885.49023,26447.88086,26866.91992,26866.91992,9500
21-06-2016,26907.41992,26925.64063,26754.59961,26812.7793,26812.7793,7000
22-06-2016,26791.67969,26887.28906,26617.44922,26765.65039,26765.65039,7700
23-06-2016,26753.19922,27060.98047,26736.51953,27002.2207,27002.2207,9300
24-06-2016,26367.48047,26435.84961,25911.33008,26397.71094,26397.71094,24400
27-06-2016,26347.81055,26493.50977,26262.7207,26402.96094,26402.96094,18300
28-06-2016,26410.66016,26583.33008,26378.46094,26524.55078,26524.55078,8100
29-06-2016,26627.15039,26776.16992,26606.31055,26740.39063,26740.39063,7700
30-06-2016,26926.16992,27069.23047,26872.58984,26999.7207,26999.7207,8600
01-07-2016,27064.33008,27243.35938,27061.40039,27144.91016,27144.91016,10000
04-07-2016,27314.43945,27385.66016,27251.06055,27278.75977,27278.75977,8300
05-07-2016,27340.7207,27348.66016,27127.30078,27166.86914,27166.86914,10400
07-07-2016,27209.9707,27288.2207,27146.94922,27201.49023,27201.49023,8800
08-07-2016,27292.19922,27294.82031,27034.14063,27126.90039,27126.90039,13900
11-07-2016,27358.23047,27647.48047,27358.23047,27626.68945,27626.68945,23900
12-07-2016,27667.81055,27828.74023,27667.81055,27808.14063,27808.14063,12200
13-07-2016,27912.14063,27928.75977,27752.14063,27815.17969,27815.17969,17600
14-07-2016,27857.80078,27967.76953,27763.15039,27942.10938,27942.10938,10500
15-07-2016,27966.14063,28048.69922,27735.86914,27836.5,27836.5,16300
18-07-2016,27920.66016,28013.5,27697.68945,27746.66016,27746.66016,20500
19-07-2016,27790.05078,27826.68945,27637.98047,27787.61914,27787.61914,16800
20-07-2016,27775.69922,27935.17969,27759.71094,27915.89063,27915.89063,12500
21-07-2016,27980.07031,27988.75977,27687.53906,27710.51953,27710.51953,12200
22-07-2016,27721.7207,27832.44922,27646.21094,27803.24023,27803.24023,9500
25-07-2016,27753.96094,28110.36914,27736.50977,28095.33984,28095.33984,15300
26-07-2016,28121.36914,28149.5293,27927.13086,27976.51953,27976.51953,11100
27-07-2016,27976.14063,28210.88086,27899.92969,28024.33008,28024.33008,10400
28-07-2016,28108.7793,28240.19922,28064.90039,28208.61914,28208.61914,14600
29-07-2016,28232.86914,28233.4707,28037.86914,28051.85938,28051.85938,11500
01-08-2016,28083.08008,28284.84961,27873.5293,28003.11914,28003.11914,13700
02-08-2016,28069.11914,28175.2207,27943.91016,27981.71094,27981.71094,10100
03-08-2016,28008.51953,28015.42969,27647.14063,27697.50977,27697.50977,11800
04-08-2016,27899.88086,27921.91016,27627.9707,27714.36914,27714.36914,14600
05-08-2016,27810.55078,28110.36914,27795.74023,28078.34961,28078.34961,13700
08-08-2016,28181.91992,28226.38086,28128.06055,28182.57031,28182.57031,20300
09-08-2016,28289.2207,28289.96094,27956.76953,28085.16016,28085.16016,14200
10-08-2016,28133.35938,28143.2793,27736.61914,27774.88086,27774.88086,15400
11-08-2016,27805.93945,27902.39063,27697.33008,27859.59961,27859.59961,9900
12-08-2016,27919.94922,28203.26953,27900.91016,28152.40039,28152.40039,21000
16-08-2016,28190.03906,28199.09961,27942.65039,28064.60938,28064.60938,14600
17-08-2016,28061.78906,28174.30078,27960.14063,28005.36914,28005.36914,11600
18-08-2016,28077.64063,28214.16992,28077,28123.43945,28123.43945,12500
19-08-2016,28167.66016,28212.30078,28026.11914,28077,28077,15600
22-08-2016,28088.07031,28143.2793,27918.05078,27985.53906,27985.53906,12600
23-08-2016,28012.56055,28028.98047,27854.42969,27990.21094,27990.21094,12400
24-08-2016,28065.25,28108.39063,27959.86914,28059.93945,28059.93945,8100
25-08-2016,28103.59961,28154.21094,27803.24023,27835.91016,27835.91016,6700
26-08-2016,27882.75,27935.88086,27696.99023,27782.25,27782.25,9100
29-08-2016,27827.25977,27952.84961,27698.71094,27902.66016,27902.66016,11800
30-08-2016,28012.46094,28478.01953,28010.66016,28343.00977,28343.00977,10600
31-08-2016,28372.25,28532.25,28363.09961,28452.16992,28452.16992,10400
01-09-2016,28459.08984,28548.84961,28386.60938,28423.48047,28423.48047,16800
02-09-2016,28498.7207,28581.58008,28427.63086,28532.10938,28532.10938,12000
06-09-2016,28631.26953,29013.40039,28631.26953,28978.01953,28978.01953,18200
07-09-2016,29035.66992,29067.83984,28911.31055,28926.35938,28926.35938,19800
08-09-2016,28929.46094,29077.2793,28854.56055,29045.2793,29045.2793,15000
09-09-2016,29062.90039,29062.90039,28755.08008,28797.25,28797.25,11700
12-09-2016,28481.08984,28481.10938,28251.31055,28353.53906,28353.53906,13700
14-09-2016,28345.49023,28416.41016,28259.38086,28372.23047,28372.23047,11500
15-09-2016,28398.33008,28454.01953,28311.10938,28412.89063,28412.89063,9600
16-09-2016,28520.30078,28778.64063,28494.58984,28599.0293,28599.0293,13400
19-09-2016,28626.59961,28714.76953,28552.55078,28634.5,28634.5,12600
20-09-2016,28690.66016,28698.81055,28480.5293,28523.19922,28523.19922,8000
21-09-2016,28554.38086,28689.35938,28462.33008,28507.41992,28507.41992,12300
22-09-2016,28766.93945,28871.91992,28693.07031,28773.13086,28773.13086,10700
23-09-2016,28810.32031,28825.08984,28627.38086,28668.2207,28668.2207,13300
26-09-2016,28630.91992,28630.91992,28272.0293,28294.2793,28294.2793,16600
27-09-2016,28373.01953,28432.74023,28179.33984,28223.69922,28223.69922,8800
28-09-2016,28198.88086,28378.56055,28198.30078,28292.81055,28292.81055,10800
29-09-2016,28423.14063,28475.57031,27719.91992,27827.5293,27827.5293,13600
30-09-2016,27807.82031,27955.21094,27716.7793,27865.96094,27865.96094,10500
03-10-2016,27997.28906,28273.01953,27919.89063,28243.28906,28243.28906,10900
04-10-2016,28377.64063,28404.69922,28242.25,28334.55078,28334.55078,18300
05-10-2016,28425.74023,28477.65039,28188.90039,28220.98047,28220.98047,11300
06-10-2016,28298.34961,28328.56055,28031.2207,28106.21094,28106.21094,9100
07-10-2016,28129.2207,28155.67969,27964.91016,28061.14063,28061.14063,12700
10-10-2016,28144.2793,28216.64063,28068.32031,28082.33984,28082.33984,6900
13-10-2016,28042.61914,28042.61914,27563.83984,27643.10938,27643.10938,11900
14-10-2016,27712.2207,27763.53906,27548.17969,27673.59961,27673.59961,14000
17-10-2016,27776.14063,27803.21094,27488.30078,27529.9707,27529.9707,17100
18-10-2016,27656.89063,28064.39063,27652.75977,28050.88086,28050.88086,16200
19-10-2016,28112.35938,28131.07031,27926.16992,27984.36914,27984.36914,15200
20-10-2016,28031.57031,28212.5,28031.57031,28129.83984,28129.83984,11300
21-10-2016,28163.41016,28163.41016,27957.91992,28077.17969,28077.17969,8500
24-10-2016,28156.58984,28256.65039,28075.94922,28179.08008,28179.08008,15100
25-10-2016,28159.08984,28211.41016,28013.68945,28091.41992,28091.41992,11000
26-10-2016,28050.55078,28050.55078,27759.56055,27836.50977,27836.50977,14100
27-10-2016,27808.63086,27958.13086,27665.59961,27915.90039,27915.90039,13600
28-10-2016,27983.14063,28000.14063,27789.83984,27941.50977,27941.50977,11300
01-11-2016,27966.17969,28029.80078,27845.63086,27876.60938,27876.60938,10100
02-11-2016,27679.32031,27679.32031,27500.81055,27527.2207,27527.2207,13000
03-11-2016,27518.06055,27600.74023,27399.25977,27430.2793,27430.2793,10800
04-11-2016,27465.55078,27498.91016,27193.60938,27274.15039,27274.15039,24300
07-11-2016,27552.26953,27591.15039,27274.15039,27458.99023,27458.99023,11300
08-11-2016,27537.25977,27646.83984,27406.75977,27591.14063,27591.14063,10200
09-11-2016,26251.38086,27397.38086,25902.44922,27252.5293,27252.5293,21100
10-11-2016,27605.05078,27743.46094,27252.5293,27517.67969,27517.67969,16600
11-11-2016,27344.84961,27344.84961,26777.17969,26818.82031,26818.82031,17100
15-11-2016,26809.60938,26809.60938,26253.63086,26304.63086,26304.63086,16400
16-11-2016,26508.93945,26621.40039,26239.21094,26298.68945,26298.68945,14200
17-11-2016,26304.90039,26449.86914,26155.40039,26227.61914,26227.61914,11000
18-11-2016,26270.19922,26349.01953,26106.7793,26150.24023,26150.24023,9600
21-11-2016,26246.69922,26270.2793,25717.92969,25765.14063,25765.14063,9900
22-11-2016,25928.16016,26039.69922,25765.50977,25960.7793,25960.7793,8100
23-11-2016,26101.33008,26130.49023,25877.16016,26051.81055,26051.81055,8900
24-11-2016,26049.14063,26049.14063,25810.9707,25860.16992,25860.16992,8600
25-11-2016,25953.24023,26343.94922,25874.44922,26316.33984,26316.33984,11500
28-11-2016,26303.51953,26413.99023,26183.2207,26350.16992,26350.16992,10900
29-11-2016,26408.61914,26587.07031,26354.66016,26394.00977,26394.00977,9600
30-11-2016,26441.01953,26680.55078,26395.5,26652.81055,26652.81055,7800
01-12-2016,26756.66016,26769.32031,26540.82031,26559.91992,26559.91992,11300
02-12-2016,26437.36914,26463.06055,26182.92969,26230.66016,26230.66016,9600
05-12-2016,26253.48047,26390.80078,26125.34961,26349.09961,26349.09961,12800
06-12-2016,26403.61914,26502.42969,26356.01953,26392.75977,26392.75977,7600
07-12-2016,26456.21094,26540.83008,26164.82031,26236.86914,26236.86914,10500
08-12-2016,26366.51953,26733.86914,26357.34961,26694.2793,26694.2793,8200
09-12-2016,26787.14063,26803.75977,26707.81055,26747.17969,26747.17969,9800
12-12-2016,26725.31055,26725.31055,26468.58984,26515.24023,26515.24023,8500
13-12-2016,26607.65039,26724.9707,26494.23047,26697.82031,26697.82031,7000
14-12-2016,26707.91016,26736.33984,26547.05078,26602.83984,26602.83984,9900
15-12-2016,26497.71094,26737.85938,26407.58008,26519.07031,26519.07031,12700
16-12-2016,26548.66992,26594.55078,26455.21094,26489.56055,26489.56055,7600
19-12-2016,26505.66016,26505.66016,26340.38086,26374.69922,26374.69922,7400
20-12-2016,26374.58984,26435.56055,26241.42969,26307.98047,26307.98047,7300
21-12-2016,26368.88086,26396,26213.50977,26242.38086,26242.38086,6100
22-12-2016,26224.07031,26248.44922,25940.14063,25979.59961,25979.59961,7600
23-12-2016,25959.99023,26143.18945,25872.38086,26040.69922,26040.69922,7500
26-12-2016,25992.41016,26008.57031,25753.74023,25807.09961,25807.09961,5400
27-12-2016,25815.42969,26249.0293,25803.18945,26213.43945,26213.43945,8700
28-12-2016,26243.18945,26415.05078,26191.7207,26210.67969,26210.67969,8500
29-12-2016,26429.41016,26429.63086,26166.66992,26366.15039,26366.15039,6700
30-12-2016,26441.50977,26678.59961,26406.5293,26626.46094,26626.46094,8600
02-01-2017,26711.15039,26720.98047,26447.06055,26595.44922,26595.44922,8000
03-01-2017,26616.91992,26724.40039,26488.36914,26643.24023,26643.24023,9800
04-01-2017,26677.2207,26723.36914,26606.06055,26633.13086,26633.13086,8100
05-01-2017,26738.41992,26917.21094,26738.41992,26878.24023,26878.24023,9800
06-01-2017,26929.68945,27009.60938,26733.33008,26759.23047,26759.23047,7800
09-01-2017,26860.81055,26860.88086,26701.17969,26726.55078,26726.55078,6400
10-01-2017,26811.63086,26914.94922,26804.16992,26899.56055,26899.56055,8600
11-01-2017,26978.43945,27174.86914,26978.43945,27140.41016,27140.41016,12000
12-01-2017,27171.66016,27278.92969,27166.68945,27247.16016,27247.16016,11700
13-01-2017,27378.00977,27459.75,27143.07031,27238.06055,27238.06055,10200
16-01-2017,27238.34961,27335.08008,27172.67969,27288.16992,27288.16992,12600
17-01-2017,27331.82031,27381.42969,27179.18945,27235.66016,27235.66016,8100
18-01-2017,27261.75977,27422.66992,27217.65039,27257.64063,27257.64063,9500
19-01-2017,27253.33984,27348.18945,27219.89063,27308.59961,27308.59961,10800
20-01-2017,27232.68945,27264.41016,27009.81055,27034.5,27034.5,8800
23-01-2017,26990.92969,27167.78906,26963.58008,27117.33984,27117.33984,6600
24-01-2017,27170.88086,27393.34961,27140.84961,27375.58008,27375.58008,6800
25-01-2017,27462.83008,27736.83008,27439.67969,27708.14063,27708.14063,12200
27-01-2017,27761.0293,27980.39063,27759.48047,27882.46094,27882.46094,14300
30-01-2017,27866.80078,27947.36914,27813.32031,27849.56055,27849.56055,8600
31-01-2017,27867.91992,27867.91992,27624.53906,27655.96094,27655.96094,10700
01-02-2017,27669.08008,28159.53906,27590.09961,28141.64063,28141.64063,18200
02-02-2017,28167.83008,28299.91992,28070.81055,28226.60938,28226.60938,17200
03-02-2017,28270.66992,28280.58008,28127.17969,28240.51953,28240.51953,10800
06-02-2017,28340.39063,28487.2793,28340.39063,28439.2793,28439.2793,10000
07-02-2017,28443.23047,28483.41016,28239.11914,28335.16016,28335.16016,10800
08-02-2017,28386.08008,28391.64063,28149.08008,28289.91992,28289.91992,10900
09-02-2017,28349.2207,28469.48047,28152.17969,28329.69922,28329.69922,10200
10-02-2017,28367.16992,28456.17969,28286.80078,28334.25,28334.25,13700
13-02-2017,28450.41992,28458.80078,28197.38086,28351.61914,28351.61914,9400
14-02-2017,28386.11914,28393.41992,28263.44922,28339.31055,28339.31055,11700
15-02-2017,28270.10938,28382.32031,28102.23047,28155.56055,28155.56055,17800
16-02-2017,28223.84961,28327.83984,28146.18945,28301.26953,28301.26953,9700
17-02-2017,28670.42969,28726.25977,28410.91016,28468.75,28468.75,15000
20-02-2017,28481.91016,28696.5293,28419.26953,28661.58008,28661.58008,8900
21-02-2017,28716.69922,28801,28597.33008,28761.58984,28761.58984,8400
22-02-2017,28822.40039,28963.51953,28789.30078,28864.71094,28864.71094,16300
23-02-2017,28927.66992,29065.31055,28860.46094,28892.9707,28892.9707,18400
27-02-2017,28910.5,28961.83008,28791.18945,28812.88086,28812.88086,12000
28-02-2017,28825.18945,28876.53906,28721.11914,28743.32031,28743.32031,10700
01-03-2017,28849.03906,29029.16992,28824.16992,28984.49023,28984.49023,14600
02-03-2017,29117.38086,29145.61914,28784.31055,28839.78906,28839.78906,10800
03-03-2017,28827.5,28860.13086,28716.21094,28832.44922,28832.44922,9300
06-03-2017,28859.21094,29070.19922,28856.11914,29048.18945,29048.18945,12100
07-03-2017,29092.16016,29098.16992,28957.67969,28999.56055,28999.56055,9700
08-03-2017,29021.06055,29022.32031,28815.48047,28901.93945,28901.93945,16300
09-03-2017,28909.69922,28986.7207,28815.01953,28929.13086,28929.13086,401500
10-03-2017,29006,29076.63086,28851.03906,28946.23047,28946.23047,15900
14-03-2017,29437.23047,29561.92969,29356.05078,29442.63086,29442.63086,29200
15-03-2017,29452.85938,29500.08008,29358.91016,29398.10938,29398.10938,392500
16-03-2017,29482.83008,29614.78906,29482.83008,29585.84961,29585.84961,18400
17-03-2017,29755.74023,29824.61914,29601.85938,29648.99023,29648.99023,14500
20-03-2017,29653.53906,29699.48047,29482.40039,29518.74023,29518.74023,400800
21-03-2017,29525.88086,29585.05078,29380.14063,29485.44922,29485.44922,11500
22-03-2017,29341.41016,29341.41016,29137.48047,29167.67969,29167.67969,14700
23-03-2017,29201.00977,29373.78906,29198.08008,29332.16016,29332.16016,26000
24-03-2017,29350.59961,29539.84961,29350.16992,29421.40039,29421.40039,21000
27-03-2017,29395.67969,29420.69922,29163.53906,29237.15039,29237.15039,15100
28-03-2017,29301.2207,29442.17969,29301.2207,29409.51953,29409.51953,33500
29-03-2017,29463.00977,29554.39063,29439.41992,29531.42969,29531.42969,41600
30-03-2017,29538.0293,29684.53906,29521.65039,29647.41992,29647.41992,15700
31-03-2017,29633.91016,29687.64063,29552.60938,29620.5,29620.5,11800
03-04-2017,29737.73047,29926.93945,29705.7207,29910.2207,29910.2207,10100
05-04-2017,29996.0293,30007.48047,29817.68945,29974.24023,29974.24023,11200
06-04-2017,29946.89063,29954.25,29817.58984,29927.33984,29927.33984,11300
07-04-2017,29850.71094,29886.11914,29668.44922,29706.60938,29706.60938,14700
10-04-2017,29752.61914,29831.32031,29553.03906,29575.74023,29575.74023,10700
11-04-2017,29630.06055,29804.50977,29570.58008,29788.34961,29788.34961,10800
12-04-2017,29838.82031,29838.82031,29549.74023,29643.48047,29643.48047,8500
13-04-2017,29637.11914,29660.48047,29442.25977,29461.44922,29461.44922,10700
17-04-2017,29470.26953,29494.08008,29363.2793,29413.66016,29413.66016,6700
18-04-2017,29487.7793,29701.18945,29286.38086,29319.09961,29319.09961,12100
19-04-2017,29369.90039,29388.25,29241.48047,29336.57031,29336.57031,11600
20-04-2017,29358.58984,29453.06055,29341.67969,29422.39063,29422.39063,14600
21-04-2017,29575.66016,29584.33984,29259.41992,29365.30078,29365.30078,11300
24-04-2017,29407.67969,29681.33008,29392.99023,29655.83984,29655.83984,8900
25-04-2017,29825.14063,29961.82031,29780.83984,29943.24023,29943.24023,8600
26-04-2017,30030.19922,30167.08984,29968.57031,30133.34961,30133.34961,10900
27-04-2017,30141.39063,30184.2207,29973.40039,30029.74023,30029.74023,10700
28-04-2017,30064.59961,30067.64063,29848.21094,29918.40039,29918.40039,11300
02-05-2017,30021.49023,30069.24023,29804.11914,29921.17969,29921.17969,11700
03-05-2017,29984.94922,30020.58984,29846.57031,29894.80078,29894.80078,11300
04-05-2017,30069.7207,30169.94922,30007.40039,30126.21094,30126.21094,22300
05-05-2017,30142.14063,30176.55078,29823.59961,29858.80078,29858.80078,15900
08-05-2017,29915.11914,30016.03906,29877.41016,29926.15039,29926.15039,10000
09-05-2017,29977.5,30017.82031,29911.43945,29933.25,29933.25,8400
10-05-2017,29988.7793,30271.59961,29987.43945,30248.16992,30248.16992,11000
11-05-2017,30309.71094,30366.42969,30207.10938,30250.98047,30250.98047,10700
12-05-2017,30285.60938,30299.74023,30111.44922,30188.15039,30188.15039,11100
15-05-2017,30287.36914,30357.96094,30273.61914,30322.11914,30322.11914,8000
16-05-2017,30391.48047,30591.55078,30363.36914,30582.59961,30582.59961,13600
17-05-2017,30616.5293,30692.44922,30519.14063,30658.76953,30658.76953,14900
18-05-2017,30466.82031,30575.83008,30393.7207,30434.78906,30434.78906,16200
19-05-2017,30539.65039,30712.34961,30338.51953,30464.91992,30464.91992,13800
22-05-2017,30638.88086,30712.15039,30516.86914,30570.9707,30570.9707,11400
23-05-2017,30553.89063,30610.64063,30316.91992,30365.25,30365.25,18700
24-05-2017,30446.76953,30534.15039,30247.59961,30301.64063,30301.64063,11300
25-05-2017,30374.81055,30793.42969,30352.25977,30750.0293,30750.0293,10000
26-05-2017,30765.76953,31074.07031,30745.57031,31028.21094,31028.21094,14600
29-05-2017,30944.38086,31214.39063,30869.90039,31109.2793,31109.2793,14900
30-05-2017,31111.73047,31220.38086,31064.03906,31159.40039,31159.40039,9600
31-05-2017,31222.50977,31255.2793,31107.48047,31145.80078,31145.80078,13000
01-06-2017,31117.08984,31213.11914,31062.01953,31137.58984,31137.58984,8300
02-06-2017,31205.36914,31332.56055,31190.40039,31273.28906,31273.28906,8500
05-06-2017,31274.74023,31355.41992,31198.2207,31309.49023,31309.49023,9000
06-06-2017,31420.84961,31430.32031,31172.55078,31190.56055,31190.56055,13600
07-06-2017,31252.71094,31346.99023,31172.98047,31271.2793,31271.2793,9500
08-06-2017,31316.91016,31354.50977,31193.76953,31213.35938,31213.35938,14000
09-06-2017,31196.85938,31289.99023,31087.2793,31262.06055,31262.06055,9800
12-06-2017,31225.42969,31225.42969,31044.2793,31095.69922,31095.69922,6800
13-06-2017,31091.09961,31260.76953,31062.33984,31103.49023,31103.49023,13300
14-06-2017,31147.68945,31190.35938,31054.93945,31155.91016,31155.91016,12700
15-06-2017,31222.89063,31229.43945,31026.48047,31075.73047,31075.73047,12700
16-06-2017,31160.4707,31182.73047,31017.17969,31056.40039,31056.40039,13300
19-06-2017,31168.98047,31362.15039,31163.34961,31311.57031,31311.57031,7500
20-06-2017,31392.5293,31392.5293,31261.49023,31297.5293,31297.5293,8100
21-06-2017,31302.17969,31336.43945,31193.60938,31283.64063,31283.64063,35700
22-06-2017,31351.5293,31522.86914,31255.63086,31290.74023,31290.74023,10200
23-06-2017,31352.57031,31365.39063,31110.39063,31138.21094,31138.21094,89700
27-06-2017,31194.67969,31294.96094,30847.08008,30958.25,30958.25,15300
28-06-2017,30988.86914,31000.48047,30798.69922,30834.32031,30834.32031,9900
29-06-2017,30910.9707,31097.91992,30794.60938,30857.51953,30857.51953,12300
30-06-2017,30824.9707,30965.44922,30680.66016,30921.60938,30921.60938,9200
03-07-2017,31156.03906,31258.33008,31017.10938,31221.61914,31221.61914,8100
04-07-2017,31331.21094,31353.46094,31166.36914,31209.78906,31209.78906,8700
05-07-2017,31272.7207,31284.64063,31177.7793,31245.56055,31245.56055,6500
06-07-2017,31298.41992,31460.69922,31264.85938,31369.33984,31369.33984,10100
07-07-2017,31373.51953,31426.28906,31286.61914,31360.63086,31360.63086,6200
10-07-2017,31510.61914,31768.39063,31471.41016,31715.64063,31715.64063,37900
11-07-2017,31789.5,31885.10938,31718.48047,31747.08984,31747.08984,9100
12-07-2017,31813.24023,31865.68945,31731.42969,31804.82031,31804.82031,8300
13-07-2017,31896.23047,32091.51953,31892.63086,32037.38086,32037.38086,10500
14-07-2017,32099.92969,32109.75,31897.86914,32020.75,32020.75,7200
17-07-2017,32053.98047,32131.91992,32037.21094,32074.7793,32074.7793,10300
18-07-2017,31775.53906,31911.60938,31626.43945,31710.99023,31710.99023,21600
19-07-2017,31882.80078,31978.89063,31793.7207,31955.34961,31955.34961,11300
20-07-2017,32033.82031,32057.11914,31859.5,31904.40039,31904.40039,11200
21-07-2017,32035.88086,32062.23047,31808.92969,32028.89063,32028.89063,18000
24-07-2017,32100.2207,32320.85938,32058.33008,32245.86914,32245.86914,11500
25-07-2017,32350.71094,32374.30078,32196.85938,32228.26953,32228.26953,14100
26-07-2017,32255.99023,32413.63086,32226.08008,32382.46094,32382.46094,12400
27-07-2017,32519.43945,32672.66016,32325.33008,32383.30078,32383.30078,10900
28-07-2017,32381.35938,32381.35938,32104.66016,32309.88086,32309.88086,11300
31-07-2017,32412.19922,32546.5,32324.44922,32514.93945,32514.93945,13100
01-08-2017,32579.80078,32632.01953,32462.25,32575.16992,32575.16992,9000
02-08-2017,32641.58008,32686.48047,32394.89063,32476.74023,32476.74023,10500
03-08-2017,32502.55078,32502.55078,32194.58008,32237.88086,32237.88086,12600
04-08-2017,32191.11914,32352.18945,32107.99023,32325.41016,32325.41016,11300
07-08-2017,32377.80078,32396.14063,32235.82031,32273.66992,32273.66992,10400
08-08-2017,32341.05078,32354.76953,31915.19922,32014.18945,32014.18945,9400
09-08-2017,31926.14063,31967.2793,31731.91016,31797.83984,31797.83984,9300
10-08-2017,31750.73047,31756.26953,31422.80078,31531.33008,31531.33008,13000
11-08-2017,31355.91992,31379.19922,31128.01953,31213.58984,31213.58984,15200
14-08-2017,31299.51953,31526.40039,31298.90039,31449.0293,31449.0293,9700
16-08-2017,31566.24023,31805.99023,31399.34961,31770.89063,31770.89063,12500
17-08-2017,31919.16992,31937.50977,31714.09961,31795.46094,31795.46094,8500
18-08-2017,31729.88086,31729.88086,31349.13086,31524.67969,31524.67969,16400
21-08-2017,31609.92969,31641.81055,31220.5293,31258.84961,31258.84961,23600
22-08-2017,31393.92969,31484.2793,31241.5,31291.84961,31291.84961,10800
23-08-2017,31407.4707,31593.39063,31379.25,31568.00977,31568.00977,10000
24-08-2017,31673.43945,31678.18945,31546.05078,31596.06055,31596.06055,8900
28-08-2017,31756.86914,31809.69922,31701.66992,31750.82031,31750.82031,10100
29-08-2017,31724.83984,31739.80078,31360.81055,31388.39063,31388.39063,6800
30-08-2017,31534.57031,31727.98047,31533.01953,31646.46094,31646.46094,5400
31-08-2017,31685.43945,31757.17969,31551.84961,31730.49023,31730.49023,17900
01-09-2017,31769.33984,31944.09961,31707.26953,31892.23047,31892.23047,6600
04-09-2017,31932.19922,31932.19922,31560.32031,31702.25,31702.25,7600
05-09-2017,31755.16016,31863.4707,31674.23047,31809.55078,31809.55078,8000
06-09-2017,31713.5,31727.84961,31586.5293,31661.9707,31661.9707,7400
07-09-2017,31738.74023,31814.96094,31620.43945,31662.74023,31662.74023,10200
08-09-2017,31694.15039,31763.69922,31619,31687.51953,31687.51953,7800
11-09-2017,31798.31055,31952.86914,31797.89063,31882.16016,31882.16016,8700
12-09-2017,32029.15039,32172.46094,31950.24023,32158.66016,32158.66016,7000
13-09-2017,32188.94922,32348.30078,32126.76953,32186.41016,32186.41016,8900
14-09-2017,32289.25977,32328.60938,32186.83984,32241.92969,32241.92969,9100
15-09-2017,32207.63086,32356.10938,32138.38086,32272.60938,32272.60938,8900
18-09-2017,32361.36914,32508.06055,32361.25,32423.75977,32423.75977,9500
19-09-2017,32522.43945,32524.10938,32358.63086,32402.36914,32402.36914,57400
20-09-2017,32467.09961,32499.88086,32383.82031,32400.50977,32400.50977,10500
21-09-2017,32406.41992,32462.60938,32164.41992,32370.03906,32370.03906,8700
22-09-2017,32339.5,32342.81055,31886.08984,31922.43945,31922.43945,9600
25-09-2017,31986.40039,32016.51953,31474.56055,31626.63086,31626.63086,12200
26-09-2017,31685.81055,31693.58984,31455.65039,31599.75977,31599.75977,10000
27-09-2017,31785.24023,31797.46094,31100.80078,31159.81055,31159.81055,9800
28-09-2017,31216.35938,31340.91016,31081.83008,31282.48047,31282.48047,8300
29-09-2017,31367.25,31523.86914,31243.71094,31283.7207,31283.7207,7700
03-10-2017,31537.81055,31615.2793,31440.48047,31497.38086,31497.38086,7100
04-10-2017,31522.16992,31752.16016,31457.7793,31671.71094,31671.71094,5900
05-10-2017,31725.84961,31772.41016,31562.25,31592.0293,31592.0293,5900
06-10-2017,31633.33984,31844.2793,31632.81055,31814.2207,31814.2207,8300
09-10-2017,31862.19922,31935.63086,31781.75,31846.89063,31846.89063,5800
10-10-2017,31910.82031,31994.76953,31896.90039,31924.41016,31924.41016,7200
11-10-2017,31975.58984,32098.46094,31769.40039,31833.99023,31833.99023,8600
12-10-2017,31887.4707,32209.0293,31813.66992,32182.2207,32182.2207,7800
13-10-2017,32247.74023,32508.58984,32247.74023,32432.68945,32432.68945,15500
16-10-2017,32488.23047,32687.32031,32445.42969,32633.64063,32633.64063,9200
17-10-2017,32654.41016,32699.85938,32556.74023,32609.16016,32609.16016,5500
18-10-2017,32518.56055,32670.32031,32462.84961,32584.34961,32584.34961,14100
19-10-2017,32656.75,32663.06055,32319.36914,32389.96094,32389.96094,2500
23-10-2017,32411.85938,32614.89063,32312.74023,32506.7207,32506.7207,8400
24-10-2017,32619.25977,32670.36914,32502.08008,32607.33984,32607.33984,8400
25-10-2017,32995.28125,33117.32813,32804.60156,33042.5,33042.5,29900
26-10-2017,33025.17188,33196.17188,32835.05859,33147.12891,33147.12891,15500
27-10-2017,33228.32031,33286.51172,33109.41016,33157.21875,33157.21875,18300
30-10-2017,33260.10156,33340.17188,33206.92969,33266.16016,33266.16016,14000
31-10-2017,33254.92969,33294.30078,33164.28125,33213.12891,33213.12891,11500
01-11-2017,33344.23047,33651.51953,33340.62109,33600.26953,33600.26953,14200
02-11-2017,33615.83984,33657.57031,33527,33573.21875,33573.21875,12400
03-11-2017,33667.33984,33733.71094,33531.94141,33685.55859,33685.55859,199700
06-11-2017,33710.14844,33848.42188,33582.37891,33731.19141,33731.19141,13100
07-11-2017,33781.01172,33865.94922,33341.82031,33370.76172,33370.76172,16300
08-11-2017,33417.35156,33484.69922,33157.67969,33218.80859,33218.80859,283000
09-11-2017,33376.62109,33463.80078,33111.53906,33250.92969,33250.92969,14100
10-11-2017,33235.75,33380.42188,33108.08984,33314.55859,33314.55859,21200
13-11-2017,33397.41016,33417.30078,32999.98047,33033.55859,33033.55859,18200
14-11-2017,32990.03125,33126.55078,32907.10938,32941.87109,32941.87109,12000
15-11-2017,32944.94141,32944.94141,32683.58984,32760.43945,32760.43945,11300
16-11-2017,32829.82031,33165.14844,32829.82031,33106.82031,33106.82031,9600
17-11-2017,33388.46875,33520.82031,33278.91016,33342.80078,33342.80078,11300
20-11-2017,33365.83984,33449.53125,33288.21094,33359.89844,33359.89844,7900
21-11-2017,33438.28125,33625.05078,33437.60938,33478.35156,33478.35156,14800
22-11-2017,33569.07031,33654.53125,33465.23047,33561.55078,33561.55078,13100
23-11-2017,33575.91016,33670.19141,33468.30078,33588.07813,33588.07813,7100
24-11-2017,33670,33738.53125,33639.98047,33679.23828,33679.23828,7800
27-11-2017,33640.51172,33745.17188,33540.46094,33724.44141,33724.44141,8900
28-11-2017,33726.64844,33770.14844,33576.64844,33618.58984,33618.58984,8100
29-11-2017,33664.26953,33728.80859,33553.12109,33602.76172,33602.76172,6600
30-11-2017,33542.5,33576.19922,33108.71875,33149.35156,33149.35156,7400
01-12-2017,33247.66016,33300.80859,32797.78125,32832.94141,32832.94141,9200
04-12-2017,32968.01953,33008.46875,32785.76172,32869.71875,32869.71875,9600
05-12-2017,32814.03125,32893.05078,32682.51953,32802.44141,32802.44141,8600
06-12-2017,32798.5,32804.75,32565.16016,32597.17969,32597.17969,9600
07-12-2017,32615.05078,32992.44922,32598.11914,32949.21094,32949.21094,9500
08-12-2017,33034.19922,33285.67969,33034.19922,33250.30078,33250.30078,14200
11-12-2017,33317.71875,33535.96875,33313.17188,33455.78906,33455.78906,12000
12-12-2017,33426.58984,33458.41016,33179.75,33227.98828,33227.98828,8200
13-12-2017,33229.73047,33404.26172,32988.82031,33053.03906,33053.03906,24500
14-12-2017,33114.69141,33321.51953,32886.92969,33246.69922,33246.69922,11200
15-12-2017,33456.01953,33621.96094,33405.82031,33462.96875,33462.96875,24200
18-12-2017,33364.51953,33801.89844,32595.63086,33601.67969,33601.67969,21100
19-12-2017,33732.07813,33862.07031,33666.62109,33836.73828,33836.73828,20600
20-12-2017,33928.58984,33956.30859,33754.94141,33777.37891,33777.37891,7100
21-12-2017,33826.25,33860.98828,33707.80078,33756.28125,33756.28125,9900
22-12-2017,33768.46875,33964.28125,33767.73047,33940.30078,33940.30078,7800
26-12-2017,33980.76172,34061.87891,33889.75,34010.60938,34010.60938,12900
27-12-2017,34087.32031,34137.96875,33839.51172,33911.80859,33911.80859,10900
28-12-2017,33928.85938,34023.64844,33752.03125,33848.03125,33848.03125,9500
29-12-2017,33889.39063,34086.05078,33889.39063,34056.82813,34056.82813,12100
01-01-2018,34059.98828,34101.12891,33766.14844,33812.75,33812.75,7500
02-01-2018,33913.55078,33964.14063,33703.37109,33812.26172,33812.26172,10600
03-01-2018,33929.60938,33998.37109,33765.42969,33793.37891,33793.37891,9000
04-01-2018,33912.48828,33995.39844,33802.12891,33969.64063,33969.64063,10500
05-01-2018,34021.26953,34188.85156,34020.83984,34153.85156,34153.85156,14700
08-01-2018,34216.32813,34385.67188,34216.32813,34352.78906,34352.78906,13500
09-01-2018,34431.60938,34488.03125,34343.41016,34443.19141,34443.19141,11200
10-01-2018,34538.78125,34565.62891,34311.62891,34433.07031,34433.07031,8500
11-01-2018,34471.48047,34558.87891,34400.60938,34503.48828,34503.48828,8100
12-01-2018,34578.98828,34638.42188,34342.16016,34592.39063,34592.39063,7800
15-01-2018,34687.21094,34963.69141,34687.21094,34843.51172,34843.51172,14600
16-01-2018,34877.71094,34936.03125,34735.55078,34771.05078,34771.05078,53600
17-01-2018,34753.80078,35118.60938,34700.82031,35081.82031,35081.82031,35000
18-01-2018,35366.44922,35507.35938,35166.44141,35260.28906,35260.28906,15700
19-01-2018,35339.10938,35542.17188,35221.16016,35511.57813,35511.57813,35200
22-01-2018,35613.96875,35827.69922,35544.67969,35798.01172,35798.01172,13700
23-01-2018,35868.19141,36170.82813,35863.98047,36139.98047,36139.98047,27000
24-01-2018,36161.62109,36268.19141,36036.51172,36161.64063,36161.64063,25200
25-01-2018,36208.39063,36247.01953,35823.35156,36050.44141,36050.44141,15100
29-01-2018,36106.35938,36443.98047,36093.35938,36283.25,36283.25,16900
30-01-2018,36277.12109,36291.82031,35993.41016,36033.73047,36033.73047,18100
31-01-2018,35951.64063,36050.69141,35818.41016,35965.01953,35965.01953,11000
01-02-2018,36048.98828,36256.82813,35501.73828,35906.66016,35906.66016,25200
02-02-2018,35707.60156,35738.12891,35006.41016,35066.75,35066.75,18000
05-02-2018,34718.85156,34874.17188,34520.80078,34757.16016,34757.16016,23500
06-02-2018,33753.78125,34521.01172,33482.80859,34195.94141,34195.94141,22900
07-02-2018,34563.30078,34666.32813,34008.42188,34082.71094,34082.71094,13100
08-02-2018,34208.10938,34634.35156,34108.76172,34413.16016,34413.16016,35700
09-02-2018,34002.44922,34070.73047,33849.64844,34005.76172,34005.76172,15200
12-02-2018,34203.33984,34351.33984,34115.12109,34300.46875,34300.46875,15500
14-02-2018,34436.98047,34473.42969,34028.67969,34155.94922,34155.94922,21100
15-02-2018,34207.57031,34535.07813,34186.01172,34297.46875,34297.46875,13000
16-02-2018,34411.23828,34508.23828,33957.32813,34010.76172,34010.76172,18000
19-02-2018,34053.94922,34122.96094,33554.37109,33774.66016,33774.66016,18000
20-02-2018,33913.94141,33960.94922,33657.89063,33703.58984,33703.58984,19200
21-02-2018,33813.82813,33911.35938,33702.5,33844.85938,33844.85938,17700
22-02-2018,33817.08984,33868.73828,33691.42188,33819.5,33819.5,11800
23-02-2018,33832,34167.60156,33832,34142.14844,34142.14844,21600
26-02-2018,34225.71875,34483.39063,34225.71875,34445.75,34445.75,8400
27-02-2018,34558.55859,34610.78906,34314.87109,34346.39063,34346.39063,12700
28-02-2018,34155.62891,34302.73828,34076.44922,34184.03906,34184.03906,12000
01-03-2018,34141.21875,34278.62891,34015.78906,34046.94141,34046.94141,11300
05-03-2018,34034.28125,34034.28125,33653.41016,33746.78125,33746.78125,16900
06-03-2018,34047.42969,34060.12891,33209.76172,33317.19922,33317.19922,11800
07-03-2018,33279.39063,33331.21094,32991.14063,33033.08984,33033.08984,10700
08-03-2018,33244.51953,33439.96875,33037.48047,33351.57031,33351.57031,15500
09-03-2018,33465.05078,33519.48828,33256.42188,33307.14063,33307.14063,8200
12-03-2018,33468.16016,33962.48047,33468.16016,33917.94141,33917.94141,12200
13-03-2018,33818.21875,34077.32031,33722.96094,33856.78125,33856.78125,14300
14-03-2018,33733.55078,33875.14844,33580.69141,33835.73828,33835.73828,9300
15-03-2018,33843.46875,33866.28125,33637.28125,33685.53906,33685.53906,17300
16-03-2018,33685.85938,33691.32031,33119.92188,33176,33176,12700
19-03-2018,33268.96875,33275.78906,32856.53906,32923.12109,32923.12109,9800
20-03-2018,32876.48047,33102.73828,32810.85938,32996.76172,32996.76172,14600
21-03-2018,33090.82031,33354.92969,33070.53125,33136.17969,33136.17969,10100
22-03-2018,33206.98828,33281.76953,32963.30859,33006.26953,33006.26953,12900
23-03-2018,32650.89063,32720.0293,32483.83984,32596.53906,32596.53906,11400
26-03-2018,32536.43945,33115.41016,32515.16992,33066.41016,33066.41016,16400
27-03-2018,33172.98047,33371.03906,33077.12891,33174.39063,33174.39063,15100
28-03-2018,33098.08984,33104.10938,32917.66016,32968.67969,32968.67969,12300
02-04-2018,33030.87109,33289.33984,32997.87891,33255.35938,33255.35938,7600
03-04-2018,33197.42188,33402.94141,33153.82813,33370.62891,33370.62891,11100
04-04-2018,33437.51953,33505.53125,32972.55859,33019.07031,33019.07031,9700
05-04-2018,33289.96094,33637.46094,33267.85938,33596.80078,33596.80078,11000
06-04-2018,33608.58984,33697.51172,33501.37109,33626.96875,33626.96875,10800
09-04-2018,33653.60938,33846.5,33578.91016,33788.53906,33788.53906,37400
10-04-2018,33880.10938,33949.98047,33813.30078,33880.25,33880.25,13600
11-04-2018,33970.35156,33981.53906,33750.73828,33940.44141,33940.44141,9300
12-04-2018,33987.55078,34177.44141,33924.87891,34101.12891,34101.12891,6600
13-04-2018,34167.53125,34313.14063,34103.53125,34192.64844,34192.64844,8300
16-04-2018,33944.73047,34341.46094,33899.33984,34305.42969,34305.42969,7100
17-04-2018,34381.80078,34434.14063,34229.82813,34395.05859,34395.05859,10400
18-04-2018,34443.42188,34591.80859,34270.03906,34331.67969,34331.67969,8200
19-04-2018,34403.67188,34478.82031,34358.91016,34427.28906,34427.28906,7600
20-04-2018,34434.14063,34487.32813,34311.28906,34415.57813,34415.57813,10200
23-04-2018,34493.69141,34663.94922,34259.26953,34450.76953,34450.76953,9500
24-04-2018,34491.37891,34706.71094,34465.48828,34616.64063,34616.64063,8400
25-04-2018,34593.17188,34631.26953,34400.55859,34501.26953,34501.26953,7800
26-04-2018,34532.94922,34747.96875,34505.62109,34713.60156,34713.60156,10000
27-04-2018,34747.03906,35065.37109,34744.73047,34969.69922,34969.69922,16200
30-04-2018,35021.19922,35213.30078,35004,35160.35938,35160.35938,6900
02-05-2018,35328.91016,35357.14844,35072.42188,35176.42188,35176.42188,8700
03-05-2018,35257.30859,35257.30859,35020.07813,35103.14063,35103.14063,7700
04-05-2018,35144.96094,35206.55078,34847.60938,34915.37891,34915.37891,7800
07-05-2018,34983.58984,35259.80859,34977.73828,35208.14063,35208.14063,12600
08-05-2018,35349.85156,35388.87109,35136.01172,35216.32031,35216.32031,14200
09-05-2018,35198.07813,35404.82813,35134.19922,35319.35156,35319.35156,9400
10-05-2018,35353.96094,35500.76172,35203.85156,35246.26953,35246.26953,8400
11-05-2018,35287.98828,35596.14844,35262.05859,35535.78906,35535.78906,8900
14-05-2018,35555.82813,35642.71875,35456.55859,35556.71094,35556.71094,9000
15-05-2018,35537.85156,35993.53125,35497.92188,35543.94141,35543.94141,12000
16-05-2018,35452.35156,35543.89063,35241.62891,35387.87891,35387.87891,10900
17-05-2018,35483.62109,35510.01172,35087.82031,35149.12109,35149.12109,11000
18-05-2018,35143.58984,35163.10938,34821.62109,34848.30078,34848.30078,9500
21-05-2018,34873.16016,34973.94922,34593.82031,34616.12891,34616.12891,6500
22-05-2018,34601.48828,34754.60156,34550.21875,34651.23828,34651.23828,12000
23-05-2018,34656.62891,34668.46875,34302.89063,34344.91016,34344.91016,11300
24-05-2018,34404.14063,34741.46094,34367.82813,34663.10938,34663.10938,15800
25-05-2018,34753.46875,35017.92969,34700.51953,34924.87109,34924.87109,10300
28-05-2018,35074.32031,35240.96094,35006.5,35165.48047,35165.48047,11200
29-05-2018,35213.14063,35234.14063,34922.17969,34949.23828,34949.23828,8400
30-05-2018,34876.12891,35017.44922,34735.10938,34906.10938,34906.10938,10900
31-05-2018,35083.80859,35416.03125,34926.07813,35322.37891,35322.37891,22900
01-06-2018,35373.98047,35438.21875,35177.35156,35227.26172,35227.26172,11900
04-06-2018,35503.23828,35555.58984,34982.25,35011.89063,35011.89063,29400
05-06-2018,35029.44922,35073.12109,34784.67969,34903.21094,34903.21094,8300
06-06-2018,34932.48828,35230.53906,34896.37109,35178.87891,35178.87891,10100
07-06-2018,35278.37891,35628.48828,35278.37891,35463.07813,35463.07813,8800
08-06-2018,35406.46875,35484.94141,35260,35443.67188,35443.67188,9900
11-06-2018,35472.58984,35704.83984,35444.48828,35483.46875,35483.46875,11100
12-06-2018,35525.30078,35743.07813,35479.07031,35692.51953,35692.51953,11100
13-06-2018,35835.44141,35877.41016,35715.96094,35739.16016,35739.16016,11900
14-06-2018,35743.10156,35749.87891,35488.55078,35599.82031,35599.82031,9800
15-06-2018,35656.26172,35675.19922,35419.67969,35622.14063,35622.14063,9000
18-06-2018,35698.42969,35721.55078,35518.73047,35548.26172,35548.26172,8100
19-06-2018,35552.46875,35552.46875,35249.05859,35286.73828,35286.73828,9000
20-06-2018,35329.60938,35571.37109,35329.51172,35547.32813,35547.32813,10200
21-06-2018,35644.05078,35678.69141,35396.96875,35432.39063,35432.39063,62300
22-06-2018,35428.42188,35741.26172,35344.48828,35689.60156,35689.60156,14700
25-06-2018,35783.75,35806.96875,35430.10938,35470.35156,35470.35156,11800
26-06-2018,35355.71875,35616.64063,35338.08984,35490.03906,35490.03906,11500
27-06-2018,35543.89063,35618.85156,35154.21094,35217.10938,35217.10938,11300
28-06-2018,35207.19141,35282.39844,34937.14844,35037.64063,35037.64063,13000
29-06-2018,35128.16016,35459.05078,35099.64844,35423.48047,35423.48047,37800
02-07-2018,35545.21875,35578.23828,35106.57031,35264.41016,35264.41016,14800
03-07-2018,35344.21094,35445.21094,35195.62891,35378.60156,35378.60156,7700
04-07-2018,35385.51953,35667.30859,35309.67188,35645.39844,35645.39844,11900
05-07-2018,35703.17188,35748.26172,35517.78906,35574.55078,35574.55078,19300
06-07-2018,35543.66016,35799.71094,35532.21094,35657.85938,35657.85938,14600
09-07-2018,35835.10156,35977.37109,35779.71875,35934.71875,35934.71875,8400
10-07-2018,36068.26953,36274.32813,36019.62891,36239.62109,36239.62109,8800
11-07-2018,36299.26172,36362.30078,36169.69922,36265.92969,36265.92969,9400
12-07-2018,36424.23047,36699.53125,36422.07813,36548.41016,36548.41016,12300
13-07-2018,36635.14063,36740.07031,36501.60938,36541.62891,36541.62891,11900
16-07-2018,36658.71094,36658.71094,36298.94141,36323.76953,36323.76953,9600
17-07-2018,36390.98828,36549.55078,36261.78125,36519.96094,36519.96094,9200
18-07-2018,36722.41016,36747.87109,36320.92188,36373.44141,36373.44141,18400
19-07-2018,36509.07813,36515.57813,36279.32813,36351.23047,36351.23047,9400
20-07-2018,36377.03125,36567.33984,36335.60938,36496.37109,36496.37109,16300
23-07-2018,36501.05078,36749.69141,36491.82813,36718.60156,36718.60156,8100
24-07-2018,36859.39063,36902.05859,36709.71875,36825.10156,36825.10156,11600
25-07-2018,36928.05859,36947.17969,36803.14844,36858.23047,36858.23047,11000
26-07-2018,36928.37891,37061.62109,36852.53125,36984.64063,36984.64063,17800
27-07-2018,37253.85938,37368.62109,37134.87891,37336.85156,37336.85156,14700
30-07-2018,37491.39063,37533.5,37292.44922,37494.39844,37494.39844,14100
31-07-2018,37534.94922,37644.58984,37298.75,37606.57813,37606.57813,14000
01-08-2018,37643.87109,37711.87109,37432.91016,37521.62109,37521.62109,16100
02-08-2018,37529.69141,37529.69141,37128.98828,37165.16016,37165.16016,11700
03-08-2018,37327.16016,37582.26953,37319.60938,37556.16016,37556.16016,17800
06-08-2018,37714.69922,37805.25,37643.28906,37691.89063,37691.89063,12400
07-08-2018,37849.21094,37876.87109,37586.87891,37665.80078,37665.80078,15900
08-08-2018,37756.23828,37931.42188,37641.39844,37887.55859,37887.55859,9400
09-08-2018,37994.51172,38076.23047,37939.28125,38024.37109,38024.37109,15300
10-08-2018,38050.07031,38051.44922,37815.75,37869.23047,37869.23047,15600
13-08-2018,37693.19141,37799.53906,37559.26172,37644.89844,37644.89844,11400
14-08-2018,37749.58984,37932.39844,37689.71094,37852,37852,11300
16-08-2018,37796.01172,37891.92188,37634.12891,37663.55859,37663.55859,13000
17-08-2018,37898.60156,38022.32031,37840.16016,37947.87891,37947.87891,10000
20-08-2018,38075.07031,38340.69141,38050.69141,38278.75,38278.75,11800
21-08-2018,38360.32031,38402.96094,38213.87109,38285.75,38285.75,8900
23-08-2018,38416.64844,38487.62891,38227.35938,38336.76172,38336.76172,11100
24-08-2018,38366.78906,38429.5,38172.76953,38251.80078,38251.80078,10700
27-08-2018,38472.03125,38736.87891,38416.73047,38694.10938,38694.10938,10800
28-08-2018,38814.76172,38938.91016,38760.57813,38896.62891,38896.62891,9900
29-08-2018,38989.64844,38989.64844,38679.57031,38722.92969,38722.92969,11400
30-08-2018,38796.98047,38819.05859,38581.82813,38690.10156,38690.10156,10800
31-08-2018,38704.83984,38838.44922,38562.21094,38645.07031,38645.07031,18000
03-09-2018,38915.91016,38934.35156,38270.01172,38312.51953,38312.51953,12300
04-09-2018,38460.96094,38518.55859,38098.60156,38157.92188,38157.92188,12500
05-09-2018,38192.94922,38250.60938,37774.42188,38018.30859,38018.30859,14800
06-09-2018,38161.85156,38320.96094,37912.5,38242.80859,38242.80859,9300
07-09-2018,38314.55078,38421.55859,38067.21875,38389.82031,38389.82031,18700
10-09-2018,38348.39063,38354.51953,37882.82813,37922.17188,37922.17188,20500
11-09-2018,38017.48828,38043.26953,37361.19922,37413.12891,37413.12891,11900
12-09-2018,37546.42188,37752.57813,37342,37717.96094,37717.96094,13600
14-09-2018,37939.28906,38125.62109,37859.51953,38090.64063,38090.64063,12200
17-09-2018,38027.80859,38027.80859,37548.92969,37585.51172,37585.51172,8800
18-09-2018,37660.19141,37745.44141,37242.85156,37290.67188,37290.67188,10900
19-09-2018,37432.92969,37530.62891,37062.69141,37121.21875,37121.21875,13000
21-09-2018,37278.89063,37489.23828,35993.64063,36841.60156,36841.60156,41100
24-09-2018,36924.71875,36945.5,36216.94922,36305.01953,36305.01953,23300
25-09-2018,36350.25,36705.78906,36064.10156,36652.05859,36652.05859,20500
26-09-2018,36936.64063,36938.73828,36357.92969,36542.26953,36542.26953,21800
27-09-2018,36691.92969,36711.62109,36238.23047,36324.17188,36324.17188,17800
28-09-2018,36452.73828,36551.85938,35985.62891,36227.14063,36227.14063,22800
01-10-2018,36274.25,36616.64063,35960.64844,36526.14063,36526.14063,21300
03-10-2018,36602.85156,36602.85156,35911.82031,35975.62891,35975.62891,25100
04-10-2018,35820.53125,35820.53125,35022.12109,35169.16016,35169.16016,21300
05-10-2018,35097.98828,35118.53906,34202.21875,34376.98828,34376.98828,22100
08-10-2018,34412.35938,34636.42969,33974.66016,34474.37891,34474.37891,20400
09-10-2018,34651.82031,34711.67969,34233.5,34299.46875,34299.46875,30300
10-10-2018,34493.21094,34858.35156,34346.5,34760.89063,34760.89063,24400
11-10-2018,34063.82031,34325.17969,33723.53125,34001.14844,34001.14844,30700
12-10-2018,34291.92188,34808.42188,34279.78125,34733.57813,34733.57813,31300
15-10-2018,34971.82813,35008.64844,34559.98047,34865.10156,34865.10156,10600
16-10-2018,35004.32813,35215.78906,34913.05859,35162.48047,35162.48047,12900
17-10-2018,35543.37891,35605.42969,34727.16016,34779.57813,34779.57813,17700
19-10-2018,34563.28906,34563.28906,34140.32031,34315.62891,34315.62891,16000
22-10-2018,34689.39063,34748.69141,34082.76172,34134.37891,34134.37891,17100
23-10-2018,33935.87891,34073.92188,33742.75,33847.23047,33847.23047,12700
24-10-2018,34203.69922,34300.96875,33726.07031,34033.96094,34033.96094,18900
25-10-2018,33778.60156,33838.76172,33553.17969,33690.08984,33690.08984,17400
26-10-2018,33776.80078,33776.80078,33291.57813,33349.30859,33349.30859,21300
29-10-2018,33549.87891,34154.60156,33341.80078,34067.39844,34067.39844,28000
30-10-2018,34068.92188,34176.35938,33799.78906,33891.12891,33891.12891,15800
31-10-2018,33963.08984,34463.37891,33587.23828,34442.05078,34442.05078,25900
01-11-2018,34650.62891,34679.92969,34303.37891,34431.96875,34431.96875,22400
02-11-2018,34743.94922,35190.19922,34649.80078,35011.64844,35011.64844,38700
05-11-2018,35118.62109,35123.41016,34811.60156,34950.92188,34950.92188,22200
06-11-2018,35076.23828,35196.03125,34889.71875,34991.91016,34991.91016,16200
07-11-2018,35301.87891,35302.25,35183.17188,35237.67969,35237.67969,2500
09-11-2018,35258.12891,35287.28906,35011.23047,35158.55078,35158.55078,17100
12-11-2018,35287.48828,35333.21875,34756.80078,34812.98828,34812.98828,15700
13-11-2018,34846.19141,35187.75,34672.19922,35144.48828,35144.48828,12000
14-11-2018,35330.14063,35351.87891,34986.85938,35141.98828,35141.98828,23300
15-11-2018,35145.75,35402,35118.42188,35260.53906,35260.53906,20000
16-11-2018,35398.69922,35545.85156,35324.37109,35457.16016,35457.16016,21100
19-11-2018,35647.62109,35818.82813,35511.10156,35774.87891,35774.87891,15600
20-11-2018,35730.76953,35731.67188,35416.17969,35474.51172,35474.51172,15700
21-11-2018,35492.62109,35494.25,35112.48828,35199.80078,35199.80078,13900
22-11-2018,35282.32813,35364.5,34937.98047,34981.01953,34981.01953,13800
26-11-2018,35118.08984,35397.23828,34896.07031,35354.07813,35354.07813,19200
27-11-2018,35394.76953,35555.16016,35262.96875,35513.14063,35513.14063,19100
28-11-2018,35635.51953,35822.16016,35605.33984,35716.94922,35716.94922,27500
29-11-2018,35997.28906,36253.85156,35946.23828,36170.41016,36170.41016,40500
30-11-2018,36304.42969,36389.21875,36082.96875,36194.30078,36194.30078,23300
03-12-2018,36396.69141,36446.16016,36099.67969,36241,36241,30100
04-12-2018,36290.48047,36295.83984,36036.39063,36134.30859,36134.30859,18500
05-12-2018,36035.64844,36048.64844,35777.80859,35884.41016,35884.41016,20800
06-12-2018,35694.25,35707.23047,35266.76172,35312.12891,35312.12891,22600
07-12-2018,35494.85938,35730.05078,35378.26953,35673.25,35673.25,19000
10-12-2018,35204.66016,35246.96875,34915.76953,34959.71875,34959.71875,18500
11-12-2018,34584.12891,35207.32813,34426.28906,35150.01172,35150.01172,22300
12-12-2018,35277.83984,35826.57813,35167.46875,35779.07031,35779.07031,21600
13-12-2018,36024.87891,36095.55859,35794.51172,35929.64063,35929.64063,22600
14-12-2018,35960.19141,36019.01953,35813.85156,35962.92969,35962.92969,19000
17-12-2018,36129.12891,36312.30859,36123.62109,36270.07031,36270.07031,17130800
18-12-2018,36226.37891,36375.37891,36046.51953,36347.07813,36347.07813,20793100
19-12-2018,36441.46094,36554.98828,36381.87109,36484.32813,36484.32813,16700
20-12-2018,36321.17969,36475.51953,36202.89844,36431.67188,36431.67188,19766300
21-12-2018,36449.26953,36483.48828,35694.73828,35742.07031,35742.07031,18528300
24-12-2018,35859.66016,35910.67188,35423.23828,35470.14844,35470.14844,13245200
26-12-2018,35443.16016,35711.26172,35010.82031,35649.94141,35649.94141,16200
27-12-2018,36002.10938,36041.23828,35781.94922,35807.28125,35807.28125,13054200
28-12-2018,35911.98828,36194.78125,35911.98828,36076.71875,36076.71875,10426300
31-12-2018,36239.19141,36285.46094,36033.94922,36068.32813,36068.32813,8645400
01-01-2019,null,null,null,null,null,null
02-01-2019,36198.12891,36236.69922,35734.01172,35891.51953,35891.51953,14705400
03-01-2019,35934.5,35999.66016,35475.57031,35513.71094,35513.71094,17400
04-01-2019,35590.78906,35744.19922,35382.07813,35695.10156,35695.10156,15855600
07-01-2019,35971.17969,36076.94922,35809.23047,35850.16016,35850.16016,14831200
08-01-2019,35964.62109,36037.35156,35753.94922,35980.92969,35980.92969,16218000
09-01-2019,36181.37109,36250.53906,35863.28906,36212.91016,36212.91016,20300
10-01-2019,36258,36269.30859,36070.76172,36106.5,36106.5,17331500
11-01-2019,36191.87109,36214.26172,35840.60156,36009.83984,36009.83984,18100
14-01-2019,36113.26953,36124.94141,35691.75,35853.55859,35853.55859,24100
15-01-2019,35950.07813,36349.30859,35950.07813,36318.32813,36318.32813,24000
16-01-2019,36370.73828,36462.03125,36278.60938,36321.28906,36321.28906,16400
17-01-2019,36413.60156,36468.42188,36170.80078,36374.07813,36374.07813,20500
18-01-2019,36417.57813,36469.98047,36218.32813,36386.60938,36386.60938,20800
21-01-2019,36467.12109,36701.03125,36351.76953,36578.96094,36578.96094,18700
22-01-2019,36649.92188,36650.46875,36282.92969,36444.64063,36444.64063,17300
23-01-2019,36494.12109,36521.46875,36037.89844,36108.46875,36108.46875,14300
24-01-2019,36146.55078,36258.28125,35996.67969,36195.10156,36195.10156,23100
25-01-2019,36245.76953,36474.48047,35953.14844,36025.53906,36025.53906,23000
28-01-2019,36099.62109,36124.26172,35565.14844,35656.69922,35656.69922,15000
29-01-2019,35716.71875,35734.14063,35375.51172,35592.5,35592.5,16670300
30-01-2019,35819.67188,35850.41016,35490.96875,35591.25,35591.25,18974200
31-01-2019,35805.51172,36278.12891,35740.07031,36256.69141,36256.69141,18611400
01-02-2019,36311.73828,36778.14063,36221.32031,36469.42969,36469.42969,31815100
04-02-2019,36456.21875,36622.76953,36225.48047,36582.73828,36582.73828,15600
05-02-2019,36573.03906,36727.82813,36495.82813,36616.80859,36616.80859,14104800
06-02-2019,36714.53906,37005.25,36680.87891,36975.23047,36975.23047,13931600
07-02-2019,37026.55859,37172.17969,36898.80078,36971.08984,36971.08984,14600
08-02-2019,36873.58984,36885.57813,36480.62109,36546.48047,36546.48047,21600
11-02-2019,36585.5,36588.41016,36300.48047,36395.03125,36395.03125,19200
12-02-2019,36405.71875,36465.39844,36113.91016,36153.62109,36153.62109,12200
14-02-2019,36065.07813,36109.10156,35799.42188,35876.21875,35876.21875,32500
15-02-2019,35985.67969,36022.57031,35510.96875,35808.94922,35808.94922,23000
18-02-2019,35831.17969,35912.44141,35470.76172,35498.44141,35498.44141,15900
19-02-2019,35543.23828,35776.03906,35287.16016,35352.60938,35352.60938,10100
20-02-2019,35564.92969,35797.10938,35469.48828,35756.26172,35756.26172,12500
21-02-2019,35837,35983.07031,35707.28906,35898.35156,35898.35156,11400
22-02-2019,35906.01172,35941.69141,35795.78906,35871.48047,35871.48047,18400
25-02-2019,35983.80078,36242.17969,35901.05859,36213.37891,36213.37891,11800
26-02-2019,35975.75,36172.51953,35714.16016,35973.71094,35973.71094,17900
27-02-2019,36138.82813,36371.10938,35735.32813,35905.42969,35905.42969,19300
28-02-2019,36025.71875,36085.85156,35829.14844,35867.44141,35867.44141,11900
01-03-2019,36018.48828,36140.67188,35952.41016,36063.80859,36063.80859,16700
05-03-2019,36141.07031,36457.44141,35926.94141,36442.53906,36442.53906,21200
06-03-2019,36544.85938,36666.46875,36456.82031,36636.10156,36636.10156,15900
07-03-2019,36744.01953,36830.25,36590.87891,36725.42188,36725.42188,16800
08-03-2019,36753.58984,36753.58984,36592.92969,36671.42969,36671.42969,14600
11-03-2019,36741.57031,37106.19141,36726.39063,37054.10156,37054.10156,14400
12-03-2019,37249.64844,37586.62891,37230.85156,37535.66016,37535.66016,19500
13-03-2019,37608.28906,37797.28906,37478.87109,37752.17188,37752.17188,21000
14-03-2019,37840.64063,37907.78125,37693.69141,37754.89063,37754.89063,15600
15-03-2019,37760.23047,38254.76953,37760.23047,38024.32031,38024.32031,16300
18-03-2019,38132.96094,38369.58984,37952.10156,38095.07031,38095.07031,15900
19-03-2019,38218.58984,38396.05859,38078.23047,38363.46875,38363.46875,15100
20-03-2019,38433.85938,38489.80859,38316.21094,38386.75,38386.75,15600
22-03-2019,38452.46875,38564.71094,38089.35938,38164.60938,38164.60938,18200
25-03-2019,38016.76172,38016.76172,37667.39844,37808.91016,37808.91016,17000
26-03-2019,37886.28906,38297.69922,37800.07813,38233.41016,38233.41016,14600
27-03-2019,38372.03125,38475.92969,38001.33984,38132.87891,38132.87891,18800
28-03-2019,38208.30078,38593.64844,38148.44141,38545.71875,38545.71875,16000
01-04-2019,38858.87891,39115.57031,38808.73828,38871.87109,38871.87109,19800
02-04-2019,38988.57031,39121.69141,38846.96094,39056.64844,39056.64844,19700
03-04-2019,39167.05078,39270.14063,38826.55859,38877.12109,38877.12109,17000
04-04-2019,38935.75,38939.35156,38581.03906,38684.71875,38684.71875,13000
05-04-2019,38839.51953,38958.60156,38701.03906,38862.23047,38862.23047,15900
08-04-2019,38993.60156,39041.25,38520.96094,38700.53125,38700.53125,10500
09-04-2019,38730.92969,38978.98828,38598.71875,38939.21875,38939.21875,15100
10-04-2019,38898.60156,38950.44922,38542.28125,38585.35156,38585.35156,16200
11-04-2019,38621.57813,38649.98047,38460.25,38607.01172,38607.01172,14500
12-04-2019,38692.05859,38818.87109,38554.78906,38767.10938,38767.10938,17000
15-04-2019,38805.53906,38976.57813,38780.07813,38905.83984,38905.83984,20900
16-04-2019,39040.30078,39364.33984,39038.80859,39275.64063,39275.64063,14400
18-04-2019,39420.03906,39487.44922,39083.16016,39140.28125,39140.28125,14600
22-04-2019,39158.21875,39158.21875,38585.64844,38645.17969,38645.17969,14900
23-04-2019,38771.26953,38832.60938,38518.26172,38564.87891,38564.87891,11600
24-04-2019,38672.62891,39095.35156,38571,39054.67969,39054.67969,15200
25-04-2019,39101.78125,39262.21875,38663.98047,38730.85938,38730.85938,14400
26-04-2019,38865.82813,39103.16016,38765.32813,39067.32813,39067.32813,17300
30-04-2019,39056.92188,39105.87891,38753.46094,39031.55078,39031.55078,30900
02-05-2019,39036.51172,39189.94922,38882.98828,38981.42969,38981.42969,26200
03-05-2019,39009.55078,39172.76172,38920.17188,38963.26172,38963.26172,14800
06-05-2019,38719.32813,38719.32813,38509.78906,38600.33984,38600.33984,13400
07-05-2019,38815.46094,38835.53906,38236.17969,38276.62891,38276.62891,15600
08-05-2019,38244.17969,38248.57031,37743.07031,37789.12891,37789.12891,13100
09-05-2019,37747.91016,37780.46094,37405.39844,37558.91016,37558.91016,15300
10-05-2019,37632.35938,37721.98047,37370.39063,37462.98828,37462.98828,19700
13-05-2019,37491.30078,37583.57031,36999.83984,37090.82031,37090.82031,17800
14-05-2019,37146.57813,37572.69922,36956.10156,37318.53125,37318.53125,17700
15-05-2019,37539.05078,37559.67188,37047.87109,37114.87891,37114.87891,19400
16-05-2019,37179.12891,37518.94141,37052.30078,37393.48047,37393.48047,15700
17-05-2019,37494.42188,38001.12891,37415.35938,37930.76953,37930.76953,18800
20-05-2019,38701.17969,39412.55859,38570.03906,39352.67188,39352.67188,26400
21-05-2019,39449.44922,39571.73047,38884.85156,38969.80078,38969.80078,22700
22-05-2019,39086.21094,39249.07813,38903.87109,39110.21094,39110.21094,15600
23-05-2019,39591.76953,40124.96094,38651.60938,38811.39063,38811.39063,28100
24-05-2019,39076.28125,39476.96875,38824.26172,39434.71875,39434.71875,17100
27-05-2019,39536.23047,39821.94141,39353.16016,39683.28906,39683.28906,16000
28-05-2019,39765.64063,39828.64844,39498.64844,39749.73047,39749.73047,15300
29-05-2019,39714.26953,39767.92969,39420.5,39502.05078,39502.05078,12800
30-05-2019,39580.28125,39911.92188,39500.55859,39831.96875,39831.96875,17500
31-05-2019,39998.91016,40122.33984,39374.23828,39714.19922,39714.19922,17100
03-06-2019,39806.85938,40308.89844,39711.01953,40267.62109,40267.62109,34600
04-06-2019,40196,40312.07031,40031.05078,40083.53906,40083.53906,11900
06-06-2019,40136.42969,40159.26172,39481.14844,39529.71875,39529.71875,18700
07-06-2019,39581.76953,39703.10156,39279.46875,39615.89844,39615.89844,14800
10-06-2019,39787.32813,39979.48047,39619.96875,39784.51953,39784.51953,16200
11-06-2019,39900.44922,40066.30859,39760.01953,39950.46094,39950.46094,14200
12-06-2019,39974.17969,39982.10156,39623.53125,39756.80859,39756.80859,11700
13-06-2019,39679.35156,39800.80859,39461.26953,39741.35938,39741.35938,21800
14-06-2019,39797,39799.89844,39363.44922,39452.07031,39452.07031,20600
17-06-2019,39514.35938,39540.42188,38911.48828,38960.78906,38960.78906,12700
18-06-2019,39056.98047,39167.82813,38870.96094,39046.33984,39046.33984,17800
19-06-2019,39176.55859,39435.80078,38881.05078,39112.73828,39112.73828,18500
20-06-2019,39042.96094,39638.64063,38933.78125,39601.62891,39601.62891,20100
21-06-2019,39608.25,39617.94922,39121.30078,39194.48828,39194.48828,15600
24-06-2019,39160.23047,39300.01953,39021.69922,39122.96094,39122.96094,11600
25-06-2019,39131.94141,39490.64063,38946.03906,39434.94141,39434.94141,11300
26-06-2019,39379.12891,39674.21875,39319.64063,39592.07813,39592.07813,15000
27-06-2019,39633.96875,39817.21875,39510.44141,39586.41016,39586.41016,13200
28-06-2019,39630.51953,39675.25,39361.92188,39394.64063,39394.64063,11200
01-07-2019,39543.73047,39764.82031,39541.08984,39686.5,39686.5,10800
02-07-2019,39811.67969,39838.48828,39499.19141,39816.48047,39816.48047,14800
03-07-2019,39907.57031,39934.98828,39732.37891,39839.25,39839.25,13800
04-07-2019,39917.64844,39979.10156,39858.32813,39908.05859,39908.05859,14500
05-07-2019,39990.39844,40032.41016,39441.37891,39513.39063,39513.39063,26000
08-07-2019,39476.37891,39476.37891,38605.48047,38720.57031,38720.57031,22000
09-07-2019,38754.46875,38814.23047,38435.87109,38730.82031,38730.82031,18800
10-07-2019,38701.98828,38854.85156,38474.66016,38557.03906,38557.03906,14900
11-07-2019,38751.62109,38892.5,38631.30859,38823.10938,38823.10938,14600
12-07-2019,38941.10156,39021.83984,38684.85156,38736.23047,38736.23047,12900
15-07-2019,39009.94922,39023.96875,38696.60156,38896.71094,38896.71094,18000
16-07-2019,38961.85938,39173.89063,38845.26953,39131.03906,39131.03906,25100
17-07-2019,39171.10156,39284.73047,39081.14063,39215.64063,39215.64063,23400
18-07-2019,39204.46875,39204.46875,38861.25,38897.46094,38897.46094,24100
19-07-2019,39058.73047,39058.73047,38271.35156,38337.01172,38337.01172,19200
22-07-2019,38333.51953,38333.51953,37890.32031,38031.12891,38031.12891,23000
23-07-2019,38138.55859,38217.80859,37898.89844,37982.73828,37982.73828,19300
24-07-2019,37990.23047,38102.83984,37708.41016,37847.64844,37847.64844,16600
25-07-2019,37935.01953,38169.87109,37775.51172,37830.98047,37830.98047,18000
26-07-2019,37831.17969,37978.07031,37690.46875,37882.78906,37882.78906,24100
29-07-2019,38043.21875,38043.21875,37519.16016,37686.37109,37686.37109,21100
30-07-2019,37735.53906,37950.21094,37359.03125,37397.23828,37397.23828,22800
31-07-2019,37257.55078,37576.37109,37128.26172,37481.12109,37481.12109,27200
01-08-2019,37387.17969,37387.17969,36694.17969,37018.32031,37018.32031,21000
02-08-2019,36920.10938,37375.16016,36607.41016,37118.21875,37118.21875,28100
05-08-2019,36842.17188,36844.05078,36416.78906,36699.83984,36699.83984,25900
06-08-2019,36568.03125,37241.76953,36536.58984,36976.85156,36976.85156,25400
07-08-2019,37025.26953,37104.78906,36610.57031,36690.5,36690.5,25300
08-08-2019,36808.01172,37405.48047,36655.41016,37327.35938,37327.35938,24100
09-08-2019,37521.30078,37807.55078,37406.26172,37581.91016,37581.91016,27400
13-08-2019,37755.16016,37755.16016,36888.48828,36958.16016,36958.16016,28600
14-08-2019,37233.5,37473.60938,37000.76953,37311.53125,37311.53125,22500
16-08-2019,37383,37444.44922,36974.41016,37350.32813,37350.32813,26100
19-08-2019,37485.92188,37718.87891,37358.48828,37402.48828,37402.48828,17700
20-08-2019,37441.75,37511.55078,37219.89844,37328.01172,37328.01172,20900
21-08-2019,37298.73047,37406.55078,37022.51953,37060.37109,37060.37109,28500
22-08-2019,37087.57813,37087.57813,36391.35156,36472.92969,36472.92969,33100
23-08-2019,36387.67969,36807.33984,36102.35156,36701.16016,36701.16016,38400
26-08-2019,37363.94922,37544.48047,36492.64844,37494.12109,37494.12109,35600
27-08-2019,37658.48047,37731.51172,37449.69141,37641.26953,37641.26953,36500
28-08-2019,37655.76953,37687.82031,37249.19141,37451.83984,37451.83984,28600
29-08-2019,37381.80078,37381.80078,36987.35156,37068.92969,37068.92969,31700
30-08-2019,37222.26172,37397.96875,36829.80859,37332.78906,37332.78906,33400
03-09-2019,37181.76172,37188.37891,36466.01172,36562.91016,36562.91016,23600
04-09-2019,36575.23828,36776.30859,36409.53906,36724.73828,36724.73828,25600
05-09-2019,36821.71094,36898.98828,36541.87891,36644.42188,36644.42188,27400
06-09-2019,36785.58984,37012.98047,36727.66016,36981.76953,36981.76953,23000
09-09-2019,36969.48047,37244.07813,36784.46875,37145.44922,37145.44922,25300
11-09-2019,37251.03125,37343.46094,37193.57031,37270.82031,37270.82031,36700
12-09-2019,37330.46875,37435.14844,37048.67188,37104.28125,37104.28125,27500
13-09-2019,37175.85938,37413.5,37000.08984,37384.98828,37384.98828,34300
16-09-2019,37204.55859,37302.05859,37028.94141,37123.30859,37123.30859,19900
17-09-2019,37169.46094,37169.55859,36419.08984,36481.08984,36481.08984,20500
18-09-2019,36621.37891,36712.98828,36465.92188,36563.87891,36563.87891,25400
19-09-2019,36613.92969,36613.92969,35987.80078,36093.46875,36093.46875,31700
20-09-2019,36214.92188,38378.01953,36085.73828,38014.62109,38014.62109,61000
23-09-2019,38844,39441.12109,38674.03906,39090.03125,39090.03125,2800
24-09-2019,39135.28125,39306.37109,38913.05859,39097.14063,39097.14063,30600
25-09-2019,39087.19922,39087.19922,38510.96875,38593.51953,38593.51953,28800
26-09-2019,38700.48047,39158.07031,38676.10938,38989.73828,38989.73828,33200
27-09-2019,39003.12891,39107.37109,38782.60156,38822.57031,38822.57031,39200
30-09-2019,38873.12109,38873.12109,38401.08984,38667.32813,38667.32813,49000
01-10-2019,38813.48047,38923.78125,37929.89063,38305.41016,38305.41016,75400
03-10-2019,38137.87109,38310.92969,37957.55859,38106.87109,38106.87109,59200
04-10-2019,38401.48828,38403.53906,37633.35938,37673.30859,37673.30859,52900
07-10-2019,37853.80078,37919.46875,37480.53125,37531.98047,37531.98047,40400
09-10-2019,37628.05078,38209.83984,37415.82813,38177.94922,38177.94922,36400
10-10-2019,38130.23047,38130.23047,37802.92969,37880.39844,37880.39844,27300
11-10-2019,37994.48047,38345.41016,37737.85156,38127.07813,38127.07813,39400
14-10-2019,38208.23828,38513.69141,38066.12891,38214.46875,38214.46875,28500
15-10-2019,38316.48828,38635.19141,38238.26953,38506.08984,38506.08984,26200
16-10-2019,38637.05078,38666.37891,38416.67188,38598.98828,38598.98828,27500
17-10-2019,38647.44141,39104.69141,38557.42969,39052.05859,39052.05859,47100
18-10-2019,39087.82813,39361.05859,38963.60156,39298.37891,39298.37891,42400
22-10-2019,39233.39844,39426.46875,38924.85156,38963.83984,38963.83984,54500
23-10-2019,39063.83984,39196.67188,38866.07813,39058.82813,39058.82813,41000
24-10-2019,39223.01172,39327.14844,38840.76172,39020.39063,39020.39063,36600
25-10-2019,39201.67188,39241.60938,38718.26953,39058.05859,39058.05859,48600
27-10-2019,null,null,null,null,null,null
29-10-2019,39293.48828,39917.01172,39254.12109,39831.83984,39831.83984,50500
30-10-2019,40055.62891,40178.12109,39805.10938,40051.87109,40051.87109,37200
31-10-2019,40211.98828,40392.21875,40054.89063,40129.05078,40129.05078,87900
01-11-2019,40196.07031,40283.30078,40014.23047,40165.03125,40165.03125,57000
04-11-2019,40293.85156,40483.21094,40186.28906,40301.96094,40301.96094,62600
05-11-2019,40445.67188,40466.55078,40053.55078,40248.23047,40248.23047,45400
06-11-2019,40311.85156,40606.91016,40037.53125,40469.78125,40469.78125,37700
07-11-2019,40625.64063,40688.26953,40421.07031,40653.73828,40653.73828,30200
08-11-2019,40630.55859,40749.32813,40263.94141,40323.60938,40323.60938,42600
11-11-2019,40316.5,40417.44141,40150.96875,40345.07813,40345.07813,29500
13-11-2019,40346.42969,40447.17188,40061.23047,40116.05859,40116.05859,37700
14-11-2019,40178.92969,40348.60938,40026.98828,40286.48047,40286.48047,27800
15-11-2019,40408.19922,40650.05859,40308.08984,40356.69141,40356.69141,25800
18-11-2019,40431.07813,40542.39844,40221.96875,40284.19141,40284.19141,28700
19-11-2019,40455.35938,40544.12891,40290.21094,40469.69922,40469.69922,39100
20-11-2019,40729.80078,40816.37891,40575.96094,40651.64063,40651.64063,32300
21-11-2019,40737.30859,40744.85156,40534.12109,40575.17188,40575.17188,21800
22-11-2019,40653.17188,40653.17188,40276.82813,40359.41016,40359.41016,21700
25-11-2019,40439.66016,40931.71094,40393.89844,40889.23047,40889.23047,28600
26-11-2019,41022.85156,41120.28125,40710.19922,40821.30078,40821.30078,32800
27-11-2019,40979.39063,41075.76172,40848.69922,41020.60938,41020.60938,32400
28-11-2019,41161.53906,41163.78906,40996.07813,41130.17188,41130.17188,30900
29-11-2019,41138.26172,41143.21875,40664.17969,40793.80859,40793.80859,46700
02-12-2019,41072.94141,41093.98828,40707.62891,40802.17188,40802.17188,39800
03-12-2019,40852.60938,40885.03125,40554.03906,40675.44922,40675.44922,33700
04-12-2019,40606.01172,40886.87109,40475.82813,40850.28906,40850.28906,44500
05-12-2019,40988.14063,41002.41016,40720.17188,40779.58984,40779.58984,33000
06-12-2019,40952.12891,40952.12891,40337.53125,40445.14844,40445.14844,33100
09-12-2019,40527.23828,40645.62891,40336.55859,40487.42969,40487.42969,32600
10-12-2019,40588.80859,40588.80859,40208.69922,40239.87891,40239.87891,31400
11-12-2019,40285.19922,40466.12891,40135.37109,40412.57031,40412.57031,55500
12-12-2019,40561.33984,40712.64844,40490.69141,40581.71094,40581.71094,41300
13-12-2019,40754.82031,41055.80078,40736.69922,41009.71094,41009.71094,27900
16-12-2019,41168.85156,41185.03125,40917.92969,40938.71875,40938.71875,21600
17-12-2019,41052.35938,41401.64844,41005.17969,41352.17188,41352.17188,19000
18-12-2019,41442.75,41614.76953,41358.46875,41558.57031,41558.57031,24300
19-12-2019,41571.82031,41719.28906,41456.39844,41673.92188,41673.92188,33300
20-12-2019,41746.19922,41809.96094,41636.10938,41681.53906,41681.53906,33600
23-12-2019,41548.26172,41701.62109,41474.60938,41642.66016,41642.66016,6200
24-12-2019,41684.51172,41702.98047,41423.07031,41461.26172,41461.26172,4400
26-12-2019,41543.80078,41543.80078,41132.89063,41163.76172,41163.76172,5600
27-12-2019,41297.07813,41611.26953,41264.92188,41575.14063,41575.14063,6100
30-12-2019,41686.26953,41714.73047,41453.37891,41558,41558,5700
31-12-2019,41607.48828,41607.48828,41184.73047,41253.73828,41253.73828,5600
01-01-2020,null,null,null,null,null,null
02-01-2020,41340.26953,41649.28906,41328.44922,41626.64063,41626.64063,5300
03-01-2020,41634.51172,41636.17969,41348.67969,41464.60938,41464.60938,8900
06-01-2020,41378.33984,41378.33984,40613.96094,40676.62891,40676.62891,8700
07-01-2020,40983.03906,41230.14063,40727.37109,40869.46875,40869.46875,11900
08-01-2020,40574.82813,40866.35938,40476.55078,40817.73828,40817.73828,18200
09-01-2020,41216.67188,41482.12109,41175.71875,41452.35156,41452.35156,7800
10-01-2020,41568.19922,41775.10938,41447.80078,41599.71875,41599.71875,13200
13-01-2020,41788.21094,41899.62891,41720.76172,41859.69141,41859.69141,10600
14-01-2020,41883.08984,41994.26172,41770.89844,41952.62891,41952.62891,14100
15-01-2020,41969.85938,41969.85938,41648.10938,41872.73047,41872.73047,6100
16-01-2020,41924.73828,42059.44922,41812.28125,41932.55859,41932.55859,6600
17-01-2020,41929.01953,42063.92969,41850.28906,41945.37109,41945.37109,9500
20-01-2020,42263,42273.87109,41503.37109,41528.91016,41528.91016,7500
21-01-2020,41487.57031,41532.58984,41294.30078,41323.80859,41323.80859,8900
22-01-2020,41467.12891,41532.28906,41059.03906,41115.37891,41115.37891,7700
23-01-2020,41191.5,41413.96094,41098.91016,41386.39844,41386.39844,9900
24-01-2020,41377.03906,41697.03125,41275.60156,41613.19141,41613.19141,6600
27-01-2020,41510.67969,41516.26953,41122.48047,41155.12109,41155.12109,7000
28-01-2020,41299.67969,41333.25,40869.75,40966.85938,40966.85938,9800
29-01-2020,41131.57031,41334.85938,41108.19141,41198.66016,41198.66016,7800
30-01-2020,41380.14063,41380.14063,40829.91016,40913.82031,40913.82031,6700
31-01-2020,41146.55859,41154.48828,40671.01172,40723.48828,40723.48828,11500
03-02-2020,39701.01953,40014.89844,39563.07031,39872.30859,39872.30859,10600
04-02-2020,40178.73828,40818.94141,40117.46094,40789.37891,40789.37891,15300
05-02-2020,40921.71094,41177,40703.32031,41142.66016,41142.66016,13900
06-02-2020,41209.12891,41405.42969,41113.10938,41306.03125,41306.03125,15000
07-02-2020,41394.41016,41394.41016,41073.35938,41141.85156,41141.85156,15300
10-02-2020,41166.71875,41172.05859,40798.98047,40979.62109,40979.62109,15200
11-02-2020,41183.39063,41444.33984,41179.14063,41216.14063,41216.14063,7700
12-02-2020,41330.85156,41671.85938,41330.85156,41565.89844,41565.89844,9600
13-02-2020,41707.21094,41709.30078,41338.30859,41459.78906,41459.78906,9100
14-02-2020,41510.19141,41702.35938,41183.12891,41257.73828,41257.73828,9800
17-02-2020,41324.03906,41420.33984,41030.57813,41055.69141,41055.69141,6900
18-02-2020,41042.46094,41042.46094,40610.94922,40894.37891,40894.37891,12300
19-02-2020,41121.51172,41357.16016,41048.92969,41323,41323,5600
20-02-2020,41334.96094,41399.92969,41134.30859,41170.12109,41170.12109,8400
24-02-2020,41037.01172,41037.01172,40306.35938,40363.23047,40363.23047,8100
25-02-2020,40497.71875,40536,40220.58984,40281.19922,40281.19922,7300
26-02-2020,40194.89063,40255.39063,39760.39063,39888.96094,39888.96094,9000
27-02-2020,39947.80078,39947.80078,39423.26953,39745.66016,39745.66016,9600
28-02-2020,39087.46875,39087.46875,38219.96875,38297.28906,38297.28906,12700
02-03-2020,38910.94922,39083.17188,37785.98828,38144.01953,38144.01953,13400
03-03-2020,38480.89063,38754.23828,38142.30078,38623.69922,38623.69922,10600
04-03-2020,38715.71875,38791.69922,37846.10156,38409.48047,38409.48047,15300
05-03-2020,38604.25,38887.80078,38386.67969,38470.60938,38470.60938,13500
06-03-2020,37613.96094,37747.07031,37011.08984,37576.62109,37576.62109,19000
09-03-2020,36950.19922,36950.19922,35109.17969,35634.94922,35634.94922,18800
11-03-2020,35468.89844,36021.51172,35261.92188,35697.39844,35697.39844,27900
12-03-2020,34472.5,34472.5,32493.09961,32778.14063,32778.14063,25200
13-03-2020,31214.13086,34769.48047,29388.9707,34103.48047,34103.48047,32600
16-03-2020,33103.23828,33103.23828,31276.30078,31390.07031,31390.07031,18100
17-03-2020,31611.57031,32047.98047,30394.93945,30579.08984,30579.08984,21500
18-03-2020,30968.83984,31101.76953,28613.05078,28869.50977,28869.50977,31300
19-03-2020,27773.35938,29370.5293,26714.46094,28288.23047,28288.23047,33200
20-03-2020,28460.82031,30418.19922,27932.66992,29915.96094,29915.96094,32100
23-03-2020,27608.80078,27900.83008,25880.83008,25981.24023,25981.24023,21800
24-03-2020,27056.23047,27462.86914,25638.90039,26674.0293,26674.0293,24700
25-03-2020,26499.81055,28790.18945,26359.91016,28535.7793,28535.7793,141500
26-03-2020,29073.71094,30099.91016,28566.33984,29946.76953,29946.76953,35000
27-03-2020,30747.81055,31126.0293,29346.99023,29815.58984,29815.58984,116900
30-03-2020,29226.55078,29497.57031,28290.99023,28440.32031,28440.32031,23200
31-03-2020,29294.93945,29770.88086,28667.35938,29468.49023,29468.49023,26400
01-04-2020,29505.33008,29505.98047,28073.42969,28265.31055,28265.31055,18000
03-04-2020,28623.5293,28639.11914,27500.78906,27590.94922,27590.94922,18900
07-04-2020,28898.35938,30157.65039,28602.31055,30067.21094,30067.21094,21900
08-04-2020,29701.91992,31227.9707,29602.93945,29893.96094,29893.96094,24700
09-04-2020,30571.18945,31225.19922,30420.2207,31159.61914,31159.61914,18800
13-04-2020,31195.7207,31195.7207,30474.15039,30690.01953,30690.01953,16100
15-04-2020,31277.10938,31568.35938,30222.07031,30379.81055,30379.81055,23600
16-04-2020,30095.50977,30800.19922,30016.16992,30602.60938,30602.60938,16900
17-04-2020,31656.67969,31718.73047,30960.93945,31588.7207,31588.7207,22200
20-04-2020,32056.18945,32056.4707,31490.25977,31648,31648,17200
21-04-2020,30836.18945,30900.11914,30378.25977,30636.71094,30636.71094,19700
22-04-2020,30856.14063,31471.14063,30578.55078,31379.55078,31379.55078,21000
23-04-2020,31646.44922,31959.01953,31292.91992,31863.08008,31863.08008,24400
24-04-2020,31426.61914,31842.24023,31278.26953,31327.2207,31327.2207,17600
27-04-2020,31659.03906,32103.69922,31651.58008,31743.08008,31743.08008,12900
28-04-2020,32101.91016,32199.91016,31661.33984,32114.51953,32114.51953,15600
29-04-2020,32311.03906,32897.58984,32171.65039,32720.16016,32720.16016,16000
30-04-2020,33381.19141,33887.25,33354.92969,33717.62109,33717.62109,21100
04-05-2020,32748.14063,32748.14063,31632.01953,31715.34961,31715.34961,18300
05-05-2020,32182.90039,32264,31403.57031,31453.50977,31453.50977,19200
06-05-2020,31577.63086,31970.83984,31158.75,31685.75,31685.75,19200
07-05-2020,31677.68945,31705.25,31362.86914,31443.38086,31443.38086,19900
08-05-2020,32083.32031,32088.50977,31598,31642.69922,31642.69922,15900
11-05-2020,32030.33984,32301.58008,31500.86914,31561.2207,31561.2207,18100
12-05-2020,31342.92969,31536.89063,30844.66016,31371.11914,31371.11914,23100
13-05-2020,32841.87109,32845.48047,31901.91992,32008.60938,32008.60938,18400
14-05-2020,31466.33008,31630.93945,31052.65039,31122.89063,31122.89063,15200
15-05-2020,31296.2793,31296.2793,30770.48047,31097.73047,31097.73047,13000
18-05-2020,31248.25977,31248.25977,29968.44922,30028.98047,30028.98047,19500
19-05-2020,30450.74023,30739.96094,30116.82031,30196.16992,30196.16992,18700
20-05-2020,30159.58984,30878.31055,30157.75,30818.60938,30818.60938,16100
21-05-2020,30904.28906,31188.78906,30765.32031,30932.90039,30932.90039,15500
22-05-2020,30822.7793,31107.91016,30474.88086,30672.58984,30672.58984,20600
26-05-2020,30864.26953,31086.69922,30512.14063,30609.30078,30609.30078,188300
27-05-2020,30793.10938,31660.59961,30525.67969,31605.2207,31605.2207,20500
28-05-2020,31827.80078,32267.23047,31641.76953,32200.58984,32200.58984,27500
29-05-2020,32041.28906,32480.51953,31823.80078,32424.09961,32424.09961,37100
01-06-2020,32906.05078,33673.82813,32876.55078,33303.51953,33303.51953,22900
02-06-2020,33450.19141,33866.62891,33301.28906,33825.53125,33825.53125,75600
03-06-2020,34185.41016,34488.69141,34027.5,34109.53906,34109.53906,18400
04-06-2020,34072.5,34310.14063,33711.23828,33980.69922,33980.69922,17900
05-06-2020,34198.55078,34405.42969,33958.01953,34287.23828,34287.23828,24600
08-06-2020,34841.17188,34927.80078,34211.82813,34370.57813,34370.57813,25700
09-06-2020,34520.78906,34811.28906,33881.19141,33956.69141,33956.69141,19200
10-06-2020,34029.14063,34350.17188,33949.46094,34247.05078,34247.05078,15500
11-06-2020,34214.69141,34219.39063,33480.42188,33538.37109,33538.37109,20900
12-06-2020,32436.68945,33856.26953,32348.09961,33780.89063,33780.89063,23000
15-06-2020,33670.55078,33670.55078,32923.73828,33228.80078,33228.80078,18400
16-06-2020,33853.71875,34022.01172,32953.30078,33605.21875,33605.21875,27400
17-06-2020,33438.30859,33933.66016,33332.96094,33507.92188,33507.92188,20200
18-06-2020,33371.51953,34276.01172,33371.51953,34208.05078,34208.05078,21200
19-06-2020,34335.37891,34848.37109,34136.39063,34731.73047,34731.73047,27900
22-06-2020,34892.03125,35213.51953,34794.39844,34911.32031,34911.32031,25100
23-06-2020,35015.73047,35482.16016,34843.69141,35430.42969,35430.42969,25200
24-06-2020,35679.73828,35706.55078,34794.92969,34868.98047,34868.98047,26600
25-06-2020,34525.39063,35081.60938,34499.78125,34842.10156,34842.10156,24600
26-06-2020,35144.78125,35254.87891,34910.33984,35171.26953,35171.26953,24800
29-06-2020,34926.94922,35032.35938,34662.05859,34961.51953,34961.51953,18300
30-06-2020,35168.30078,35233.91016,34812.80078,34915.80078,34915.80078,18500
01-07-2020,35009.58984,35467.23047,34927.19922,35414.44922,35414.44922,19400
02-07-2020,35604,36014.92188,35595.35938,35843.69922,35843.69922,20600
03-07-2020,36025.37891,36110.21094,35872.37891,36021.42188,36021.42188,16500
06-07-2020,36313.46094,36661.66016,36254.01953,36487.28125,36487.28125,22300
07-07-2020,36660.35156,36723.26953,36271.08984,36674.51953,36674.51953,20600
08-07-2020,36738.37891,36828.42969,36234.17188,36329.01172,36329.01172,24800
09-07-2020,36450.69141,36806.30078,36422.30078,36737.69141,36737.69141,17400
10-07-2020,36555.12891,36748.89063,36401.10938,36594.32813,36594.32813,20900
13-07-2020,36880.66016,37024.19922,36533.96094,36693.69141,36693.69141,16500
14-07-2020,36517.28125,36538.10156,35877.42188,36033.05859,36033.05859,14100
15-07-2020,36314.76172,36810.25,35894.96094,36051.80859,36051.80859,23500
16-07-2020,36401.19922,36524.62109,36038.41016,36471.67969,36471.67969,18500
17-07-2020,36547.75,37125.98047,36512.92188,37020.14063,37020.14063,16500
20-07-2020,37409.03125,37478.87109,37185.78125,37418.98828,37418.98828,20100
21-07-2020,37823.60938,37990.55078,37742.05078,37930.32813,37930.32813,22700
22-07-2020,38178.07031,38199.26953,37601.62109,37871.51953,37871.51953,22300
23-07-2020,37814.92188,38225.03125,37738.58984,38140.46875,38140.46875,19600
24-07-2020,37949.58984,38235.73047,37748.41016,38128.89844,38128.89844,19900
27-07-2020,38275.33984,38275.33984,37769.44141,37934.73047,37934.73047,18600
28-07-2020,38052.17969,38554.71875,37998.12891,38492.94922,38492.94922,15500
29-07-2020,38427.14844,38617.03125,37884.41016,38071.12891,38071.12891,17600
30-07-2020,38262.82813,38413.80859,37678.42188,37736.07031,37736.07031,14800
31-07-2020,37847.87891,37897.78125,37431.67969,37606.89063,37606.89063,20200
03-08-2020,37595.73047,37596.01953,36911.23047,36939.60156,36939.60156,14300
04-08-2020,37092.85938,37745.60156,36987.73047,37687.91016,37687.91016,15100
05-08-2020,37892.35938,38139.96094,37550.60156,37663.32813,37663.32813,19800
06-08-2020,37946.80078,38221.39844,37755.10156,38025.44922,38025.44922,16600
07-08-2020,37951.07031,38109.67969,37787.37891,38040.57031,38040.57031,15300
10-08-2020,38168.42188,38430.69141,38073.28906,38182.07813,38182.07813,17200
11-08-2020,38371.33984,38556.26953,38313.05859,38407.01172,38407.01172,18700
12-08-2020,38321.12891,38414.37109,38125.80859,38369.62891,38369.62891,25300
13-08-2020,38456.64063,38516.85156,38215.05078,38310.48828,38310.48828,15400
14-08-2020,38432.94141,38540.57031,37654.92188,37877.33984,37877.33984,18600
17-08-2020,38062.07031,38119.37891,37734.14063,38050.78125,38050.78125,21500
18-08-2020,38084.69922,38571.23047,38062.01172,38528.32031,38528.32031,13600
19-08-2020,38727.89063,38788.51172,38550.64844,38614.78906,38614.78906,12800
20-08-2020,38283.89844,38402.44922,38155.78125,38220.39063,38220.39063,15800
21-08-2020,38471.92969,38579.82813,38411.37109,38434.71875,38434.71875,16800
24-08-2020,38566.96094,38894.94141,38545.76172,38799.07813,38799.07813,28100
25-08-2020,38948.46094,39008.89063,38679.67188,38843.87891,38843.87891,15700
26-08-2020,38930.17969,39111.55078,38765.08984,39073.92188,39073.92188,16400
27-08-2020,39293.53125,39326.98047,39046.94141,39113.46875,39113.46875,14500
28-08-2020,39264.48047,39579.57813,39235.03125,39467.30859,39467.30859,22500
31-08-2020,39888.14844,40010.17188,38395.89063,38628.28906,38628.28906,27900
01-09-2020,38754,39226.82031,38542.10938,38900.80078,38900.80078,22000
02-09-2020,38892.64063,39141.83984,38736.21875,39086.03125,39086.03125,17100
03-09-2020,39165.80078,39236.35938,38943.42969,38990.94141,38990.94141,9200
04-09-2020,38325,38729.66016,38249.76953,38357.17969,38357.17969,15400
07-09-2020,38284.78125,38519.92188,38060.73828,38417.23047,38417.23047,12500
08-09-2020,38498.07031,38746.48047,38275.44922,38365.35156,38365.35156,11900
09-09-2020,37988.55859,38252.67188,37935.26172,38193.92188,38193.92188,14000
10-09-2020,38516.87891,38878.25,38367.07031,38840.32031,38840.32031,16500
11-09-2020,38865.17188,38978.51953,38711.80078,38854.55078,38854.55078,11400
14-09-2020,39073.51172,39230.16016,38573.17188,38756.62891,38756.62891,14700
15-09-2020,38904.67188,39102.25,38753.67969,39044.35156,39044.35156,11600
16-09-2020,39161.01172,39359.51172,39037.96094,39302.85156,39302.85156,11700
17-09-2020,39120.64063,39234.80859,38926.33984,38979.85156,38979.85156,11400
18-09-2020,39200.42188,39200.42188,38635.73047,38845.82031,38845.82031,14300
21-09-2020,38812.69141,38990.76172,37938.53125,38034.14063,38034.14063,15800
22-09-2020,38200.71094,38209.96875,37531.14063,37734.07813,37734.07813,15300
23-09-2020,38124.94141,38140.07031,37313.08984,37668.42188,37668.42188,15000
24-09-2020,37282.17969,37304.26172,36495.98047,36553.60156,36553.60156,13900
25-09-2020,36991.89063,37471.17188,36730.51953,37388.66016,37388.66016,13500
28-09-2020,37756.25,38035.87109,37544.05078,37981.62891,37981.62891,13600
29-09-2020,38176.85938,38235.94141,37831.35156,37973.21875,37973.21875,10600
30-09-2020,38068.89063,38236.33984,37828.10938,38067.92969,38067.92969,18400
01-10-2020,38410.19922,38738.89063,38410.19922,38697.05078,38697.05078,12900
05-10-2020,38956.78125,39263.85156,38819.89063,38973.69922,38973.69922,15500
06-10-2020,39336.33984,39623.76172,39191.10156,39574.57031,39574.57031,11300
07-10-2020,39633.19141,39968.03906,39450.82031,39878.94922,39878.94922,15000
08-10-2020,40204.32031,40468.87891,40062.23047,40182.67188,40182.67188,14400
09-10-2020,40226.25,40585.35938,40066.53906,40509.48828,40509.48828,16600
12-10-2020,40716.94922,40905.48828,40387.39844,40593.80078,40593.80078,17600
13-10-2020,40592.53906,40786.82031,40461.96875,40625.51172,40625.51172,11000
14-10-2020,40623.19141,40880.25,40279.55078,40794.73828,40794.73828,15000
15-10-2020,41048.05078,41048.05078,39667.46875,39728.41016,39728.41016,30400
16-10-2020,39936.60938,40125.71094,39699.42188,39982.98047,39982.98047,11000
19-10-2020,40318.57031,40519.48047,40211.21875,40431.60156,40431.60156,12300
20-10-2020,40420.28906,40732.01172,40305.58984,40544.37109,40544.37109,12100
21-10-2020,40767.14063,40976.01953,40150.48047,40707.30859,40707.30859,16700
22-10-2020,40531.30859,40721.57031,40309.05078,40558.48828,40558.48828,13900
23-10-2020,40728.39063,40811.12109,40590.89844,40685.5,40685.5,12400
26-10-2020,40649.76172,40724.39844,39948.28906,40145.5,40145.5,10100
27-10-2020,40199.07813,40555.60156,39978.39063,40522.10156,40522.10156,13900
28-10-2020,40664.35156,40664.35156,39774.60156,39922.46094,39922.46094,29400
29-10-2020,39537.17188,40010.82813,39524.25,39749.85156,39749.85156,19500
30-10-2020,39779.82031,39988.25,39241.87109,39614.07031,39614.07031,12000
02-11-2020,39880.37891,39968.03125,39334.92188,39757.57813,39757.57813,15400
03-11-2020,39990.75,40354.73047,39952.78906,40261.12891,40261.12891,21400
04-11-2020,40171.71094,40693.51172,40076.46875,40616.14063,40616.14063,20900
05-11-2020,41112.12109,41370.91016,41030.17188,41340.16016,41340.16016,42600
06-11-2020,41438.76172,41954.92969,41383.28906,41893.05859,41893.05859,19000
09-11-2020,42273.96875,42645.32813,42263.64063,42597.42969,42597.42969,24300
10-11-2020,42959.25,43316.44141,42660.08984,43277.64844,43277.64844,28700
11-11-2020,43444.05859,43708.46875,42970.21094,43593.67188,43593.67188,30300
12-11-2020,43291.89063,43543.96094,43127.55078,43357.19141,43357.19141,14500
13-11-2020,43298.92188,43522.25,43053.37109,43443,43443,24400
14-11-2020,null,null,null,null,null,null
17-11-2020,44095.85156,44161.16016,43699.21875,43952.71094,43952.71094,20900
18-11-2020,43978.57813,44215.48828,43785.78125,44180.05078,44180.05078,18300
19-11-2020,43902.23828,44230,43518.10938,43599.96094,43599.96094,24100
20-11-2020,43732.14063,44013.01953,43453.75,43882.25,43882.25,17100
23-11-2020,44164.17188,44271.14844,43747.21875,44077.14844,44077.14844,17800
24-11-2020,44341.19141,44601.62891,44247.12109,44523.01953,44523.01953,17900
25-11-2020,44749.73047,44825.37109,43757.96875,43828.10156,43828.10156,19100
26-11-2020,43967.58984,44361.78125,43582.39844,44259.73828,44259.73828,14600
27-11-2020,44325.03125,44407.28125,43995.41016,44149.71875,44149.71875,15700
01-12-2020,44435.82813,44730.78906,44118.10156,44655.44141,44655.44141,16000
02-12-2020,44729.51953,44729.64063,44169.96875,44618.03906,44618.03906,16000
03-12-2020,44902.01953,44953.01172,44551.42188,44632.64844,44632.64844,30700
04-12-2020,44665.91016,45148.28125,44665.91016,45079.55078,45079.55078,27600
07-12-2020,45099.92188,45458.92188,45024.46875,45426.96875,45426.96875,18700
08-12-2020,45568.80078,45742.23047,45335.17188,45608.51172,45608.51172,18200
09-12-2020,45891.03906,46164.10156,45792.01172,46103.5,46103.5,20700
10-12-2020,45999.42188,46043.96875,45685.87109,45959.87891,45959.87891,12700
11-12-2020,46060.32031,46309.62891,45706.21875,46099.01172,46099.01172,26300
14-12-2020,46284.69922,46373.33984,45951.53125,46253.46094,46253.46094,18400
15-12-2020,46287.39063,46350.30078,45841.67188,46263.17188,46263.17188,16400
16-12-2020,46573.30859,46704.96875,46402.19922,46666.46094,46666.46094,13100
17-12-2020,46774.32031,46992.57031,46627.60156,46890.33984,46890.33984,17200
18-12-2020,47026.01953,47026.01953,46630.30859,46960.69141,46960.69141,12800
21-12-2020,46932.17969,47055.69141,44923.07813,45553.96094,45553.96094,24400
22-12-2020,45529.60938,46080.17969,45112.19141,46006.69141,46006.69141,25100
23-12-2020,46072.30078,46513.32031,45899.10156,46444.17969,46444.17969,10500
24-12-2020,46743.48828,47053.39844,46539.01953,46973.53906,46973.53906,13700
28-12-2020,47153.58984,47406.71875,47148.23828,47353.75,47353.75,9600
29-12-2020,47466.62109,47714.55078,47361.89844,47613.07813,47613.07813,12800
30-12-2020,47789.03125,47807.85156,47358.35938,47746.21875,47746.21875,15600
31-12-2020,47753.10938,47896.96875,47602.12109,47751.32813,47751.32813,13900
01-01-2021,null,null,null,null,null,null
04-01-2021,48109.17188,48220.46875,47594.46875,48176.80078,48176.80078,13900
05-01-2021,48037.62891,48486.23828,47903.37891,48437.78125,48437.78125,12200
06-01-2021,48616.66016,48616.66016,47864.14063,48174.05859,48174.05859,22500
07-01-2021,48524.35938,48558.33984,48037.87109,48093.32031,48093.32031,18400
08-01-2021,48464.91016,48854.33984,48365.57813,48782.51172,48782.51172,22200
11-01-2021,49252.30859,49303.78906,48956.37891,49269.32031,49269.32031,21200
12-01-2021,49228.26172,49569.14063,49079.57031,49517.10938,49517.10938,12700
13-01-2021,49763.92969,49795.19141,49073.85156,49492.32031,49492.32031,27200
14-01-2021,49432.82813,49663.57813,49182.37109,49584.16016,49584.16016,24500
15-01-2021,49656.71094,49656.71094,48795.78906,49034.67188,49034.67188,14700
18-01-2021,49061.21875,49122.23047,48403.96875,48564.26953,48564.26953,16600
19-01-2021,48900.30859,49499.85938,48805.53906,49398.28906,49398.28906,11000
20-01-2021,49508.78906,49874.42188,49373.67969,49792.12109,49792.12109,12200
21-01-2021,50096.57031,50184.01172,49398.85938,49624.76172,49624.76172,19300
22-01-2021,49594.94922,49676.87891,48832.07813,48878.53906,48878.53906,18400
25-01-2021,49253.67969,49263.14844,48274.92188,48347.58984,48347.58984,15500
27-01-2021,48385.28125,48387.25,47269.60156,47409.92969,47409.92969,19600
28-01-2021,46834.57031,47172.01953,46518.48047,46874.35938,46874.35938,25000
29-01-2021,47423.46875,47423.66016,46160.46094,46285.76953,46285.76953,14500
01-02-2021,46617.94922,48764.39844,46433.64844,48600.60938,48600.60938,22000
02-02-2021,49193.26172,50154.48047,49193.26172,49797.71875,49797.71875,28400
03-02-2021,50231.05859,50526.39063,49515.87891,50255.75,50255.75,22400
04-02-2021,50212.25,50687.51172,49926.44922,50614.28906,50614.28906,33600
05-02-2021,51031.39063,51073.26953,50565.28906,50731.62891,50731.62891,32200
08-02-2021,51146.67188,51523.37891,51146.67188,51348.76953,51348.76953,20600
09-02-2021,51484.23047,51835.85938,51193.92969,51329.07813,51329.07813,21200
10-02-2021,51355.89063,51512.85938,50846.21875,51309.39063,51309.39063,16000
11-02-2021,51165.83984,51592.44922,51157.30859,51531.51953,51531.51953,12100
12-02-2021,51614.76953,51804.57813,51260.62109,51544.30078,51544.30078,15100
15-02-2021,null,null,null,null,null,null
16-02-2021,52400.03125,52516.76172,51863.60938,52104.17188,52104.17188,21100
17-02-2021,51996.94141,52078.14844,51586.33984,51703.82813,51703.82813,13600
18-02-2021,51903.96094,51903.96094,51186.67969,51324.69141,51324.69141,18200
